Issue Type,Issue key,Issue id,Custom field (Epic Link),Created,Summary,Status,Resolution,Affects Version/s,Affects Version/s,Custom field (Story Points),Custom field (Epic Name),Labels,Labels,Labels,Labels,Labels,Labels,Labels,Component/s,Custom field (Issue Resolution),Resolved,Sprint,Sprint,Custom field (Begin Date),Custom field (End Date),Fix Version/s,Outward issue link (Blocks),Outward issue link (Child-Issue),Outward issue link (Cloners),Outward issue link (Defect),Outward issue link (Dependent),Outward issue link (Dependent),Outward issue link (Gantt: finish-start),Outward issue link (Relates),Outward issue link (Relates),Outward issue link (Relates)
Story,AAKO-6997,1392096,,5/2/18 10:30,participant sales EDPY DTP,Open,,Spine,,5,,,,,,,,,Stark,,,Stark - Bandhavgarh.3,,,,Spine,,,,,,,,,,
Story,AAKO-6994,1390263,AAKO-28,5/1/18 13:46,Participant -Dynamically credit Full Prior Year Sales for future months at processing month alignment,Open,,Spine,,7,,,,,,,,,Lannister,,,,,,,Spine,,,,,,,,,,
Story,AAKO-6993,1390251,AAKO-28,5/1/18 13:18,Analyst View of Full Year Quota (With YTD Attainment) ,Open,,Spine,,7,,Spine,,,,,,,Mormont,,,,,,,Spine,,,,,AAKO-6697,AAKO-6990,,,,
Story,AAKO-6992,1390246,AAKO-28,5/1/18 13:10,GEO Dynamically credit quota for future months at processing month alignment (ED),Open,,MIT,,7,,ETH,MIT,,,,,,Targaryen,,,,,,,MIT,,,,,,,,,,
Story,AAKO-6991,1390244,AAKO-28,5/1/18 13:09,Participant Credit quota for future months at processing month alignment (ED),Open,,MIT,,7,,ETH,MIT,,,,,,Lannister,,,,,,,MIT,,,,,AAKO-6992,,,,,
Story,AAKO-6990,1390243,AAKO-28,5/1/18 13:07,Participant Credit quota for future months at processing month alignment (SD),Open,,Spine,,7,,Spine,,,,,,,Lannister,,,,,,,Spine,,,,,AAKO-6697,,,,,
Story,AAKO-6988,1389535,AAKO-3963,5/1/18 11:16,[PLACEHOLDER]  Apply changes needed post Invoice Number Harmonization,Open,,Spine,,7,,FirstBU,,,,,,,Targaryen,,,,,,,Spine,,,,,AAKO-1299,AAKO-5987,,,,
Story,AAKO-6980,1389314,AAKO-28,5/1/18 9:12,Dynamically credit ZipCode quota for future months at processing month alignment,Open,,MIT,,7,,MIT,,,,,,,Targaryen,,,,,,,MIT,,,,,AAKO-6697,,,,,
Story,AAKO-6815,1376486,AAKO-3968,4/24/18 13:32,Extremity Specialist - True Up and Proration update (AAKO-415),Open,,Trauma,,7,,,,,,,,,Targaryen,,,,,,,Trauma,,,,,AAKO-415,AAKO-4638,,,,
Story,AAKO-6753,1374979,AAKO-3963,4/24/18 8:34,Update Invoice Realignment to Cancel and Realign in Closed Periods  ,Open,,Spine,,8,,Spine,,,,,,,Targaryen,,,AAKO-Targaryen - Bandhavgarh.2,,,,Spine,,,,,,,,,,
Story,AAKO-6750,1374007,AAKO-22,4/23/18 14:15,Zipcode Level Sales Adjustments ,Open,,MIT,,7,,,,,,,,,Targaryen,,,,,,,MIT,,,,,,,,,,
Story,AAKO-6749,1373385,AAKO-3958,4/23/18 13:34,Exceptions for Customer to Geography Primary Flag ,Open,,Trauma,,7,,,,,,,,,Targaryen,,,,,,,Trauma,,,,,AAKO-5991,,,,,
Story,AAKO-6715,1367462,AAKO-3983,4/19/18 9:57,B.1 Updates & Enhancements (pt 1),Completed,Done,Spine,,2,,Spine,,,,,,,Stark,Done,4/26/18 11:44,Stark - Bandhavgarh.1,,,,Spine,,,AAKO-6310,,,,,,,
Story,AAKO-6714,1366220,AAKO-3983,4/18/18 16:10,CPD: Earnings Drill Down Details for Growth: Sales Up To Baseline * Rate,Open,,MIT,,7,,MIT,,,,,,,Stark,,,,,,,MIT,,,AAKO-5129,,,,,,,
Story,AAKO-6713,1365630,AAKO-4889,4/18/18 13:33,Variable Comp: Load Recon Sales for inclusion in VC,Open,,Trauma,,7,,DPS,,,,,,,Targaryen,,,,,,,Trauma,,,,,,,,,,
Story,AAKO-6697,1362443,AAKO-28,4/17/18 15:11,Dynamically credit quota for future months at processing month alignment (SD),Open,,Spine,,5,,Spine,,,,,,,Targaryen,,,AAKO-Targaryen - Bandhavgarh.4,,,,Spine,,,AAKO-6695,,,,,,,
Story,AAKO-6695,1362439,AAKO-3983,4/17/18 14:53,Need Report showing Full-year Quota & Baseline,Open,,Spine,,7,,Spine,,,,,,,Stark,,,AAKO - Stark - C.1,,,,Spine,,,,,,,,,,
Story,AAKO-6691,1361901,,4/17/18 11:01,Update Archival process for current progress dashboard sales & Quota,Completed,Done,Spine,,5,,Spine,,,,,,,Stark,Done,4/26/18 11:42,Stark - Bandhavgarh.1,,,,Spine,,,,,,,,,,
Story,AAKO-6688,1359432,AAKO-3984,4/16/18 14:52,Statements: Earnings Drill Down Details for Standard Guarantee,Open,,Spine,,2,,Spine,,,,,,,Stark,,,Stark - Bandhavgarh.4,,,,Spine,,,AAKO-6687,,,,,,,
Story,AAKO-6687,1359430,AAKO-3984,4/16/18 14:51,Statements: Earnings Drill Down Details for Geo Split Quota: Attainment & Earnings on Payout Table,Open,,Spine,,2,,Spine,,,,,,,Stark,,,Stark - Bandhavgarh.4,,,,Spine,,,AAKO-6686,,,,,,,
Story,AAKO-6686,1359428,AAKO-3984,4/16/18 14:50,Statements: Earnings Drill Down Details for Flat Amount * Territory Coverage,Open,,Spine,,2,,Spine,,,,,,,Stark,,,Stark - Bandhavgarh.4,,,,Spine,,,AAKO-6685,,,,,,,
Story,AAKO-6685,1359426,AAKO-3984,4/16/18 14:49,Statements: Earnings Drill Down Details for Flat Guarantee,Open,,Spine,,2,,Spine,,,,,,,Stark,,,Stark - Bandhavgarh.4,,,,Spine,,,AAKO-5174,,,,,,,
Story,AAKO-6683,1358291,,4/16/18 10:16,Internal Impersonation Ability - Sync up Read-Only Portal Views before Spine Go-Live,Open,,Spine,,7,,FirstBU,,,,,,,Mormont,,,,,,,Spine,,,,,,,,,,
Story,AAKO-6680,1358042,AAKO-3984,4/16/18 8:38,Statements - Staging Table setup (Lannister) - PLACEHOLDER,Open,,Spine,,3,,Spine,,,,,,,Stark,,,Stark - Bandhavgarh.3,,,,Spine,,,,,,,,,,
Story,AAKO-6401,1349441,AAKO-22,4/11/18 15:46,[TESTING] Customer Sales Adjustment  - Participant SD Crediting Regression,Open,,Spine,,5,,DPS,,,,,,,Targaryen,,,AAKO-Targaryen - Bandhavgarh.2,,,,Spine,,,,,,,,,,
Story,AAKO-6400,1349438,AAKO-22,4/11/18 15:39,Create Customer Sales Adjustments - Update SD Crediting Process ,Open,,Spine,,3,,DPS,,,,,,,Targaryen,,,AAKO-Targaryen - Bandhavgarh.2,,,,Spine,,,,,,,,,,
Story,AAKO-6399,1349435,AAKO-22,4/11/18 15:35,Create Customer Sales Adjustments - Select Customer Adj - Post for Deltas  SD,Completed,Done,Spine,,5,,DPS,,,,,,,Targaryen,Done,4/25/18 16:19,AAKO-Targaryen - Bandhavgarh.1,,,,Spine,,,,,AAKO-6179,,,,,
Story,AAKO-6398,1349431,AAKO-22,4/11/18 15:29,Update to GEO Sales Load - Force Product,Open,,Spine,,2,,DPS,,,,,,,Targaryen,,,AAKO-Targaryen - Bandhavgarh.4,,,,Spine,,,,,,,,,,
Story,AAKO-6397,1349425,AAKO-22,4/11/18 15:24,Create Customer Sales Adjustments - Mtn & Process Adjustment Prod Hierarchy,Open,,Spine,,8,,DPS,,,,,,,Targaryen,,,,,,,Spine,,,,,,,,,,
Story,AAKO-6377,1344790,AAKO-4099,4/10/18 13:38,Expansion Category RM and AVP Impact -Release Sales at EOY,Open,,Trauma,,7,,DPS,,,,,,,Targaryen,,,,,,,Trauma,,,,,AAKO-3864,AAKO-6376,,,,
Story,AAKO-6376,1344782,AAKO-4099,4/10/18 13:34,Expansion Category RM and AVP Impact - Roll-Up Sales and View Progress to add to VC- Analyst View,Open,,Spine,,5,,DPS,,,,,,,Targaryen,,,AAKO-Targaryen - Bandhavgarh.3,,,,Spine,,,,,AAKO-3864,,,,,
Story,AAKO-6375,1344764,AAKO-4099,4/10/18 13:25,Quota Attainment: REP Level Core + Expansion Category  (EOY Add Sales to Core),Open,,Trauma,,7,,DPS,,,,,,,Targaryen,,,,,,,Trauma,,,,,AAKO-434,,,,,
Story,AAKO-6334,1331571,AAKO-3958,4/5/18 9:58,Customer to Geography Primary Flag - Ethicon Process  (4),Open,,ETH,,13,,Ethicon,,,,,,,Targaryen,,,,,,,ETH,,,,,AAKO-5991,AAKO-6332,,,,
Story,AAKO-6333,1331562,AAKO-3958,4/5/18 9:55,Customer to Geography Primary Flag - SOX ,Open,,Spine,,5,,Spine,,,,,,,Targaryen,,,AAKO-Targaryen - Bandhavgarh.3,,,,Spine,,,,,AAKO-5991,,,,,
Story,AAKO-6332,1331553,AAKO-3958,4/5/18 9:49,Customer to GEO Primary Flag Workflow,Open,,Spine,,8,,Spine,,,,,,,Targaryen,,,AAKO-Targaryen - Bandhavgarh.3,,,,Spine,,,,,AAKO-5991,,,,,
Story,AAKO-6324,1326883,AAKO-2277,4/4/18 13:47,an approval workflow to approve all prior year sales adjustments,Open,,Spine,,8,,FirstBU,,,,,,,Mormont,,,AAKO - Mormont - Bandhavgarh.3,,,,Spine,,,AAKO-4871,,,,,,,
Story,AAKO-6323,1326882,AAKO-2277,4/4/18 13:46,an approval workflow to approve all Payment Adjustments,Open,,Spine,,8,,FirstBU,,,,,,,Mormont,,,AAKO - Mormont - Bandhavgarh.3,,,,Spine,,,AAKO-4871,,,,,,,
Story,AAKO-6322,1326881,AAKO-2277,4/4/18 13:45,an approval workflow to approve all Sales Adjustments,Open,,Spine,,8,,FirstBU,,,,,,,Mormont,,,AAKO - Mormont - Bandhavgarh.3,,,,Spine,,,AAKO-4871,,,,,,,
Story,AAKO-6320,1327214,AAKO-3983,4/4/18 13:20,Build Process to for Uploading Documents and Visibility in Portal,Completed,Done,Spine,,13,,DPS,FirstBU,,,,,,Stark,Done,4/26/18 11:43,Stark - Bandhavgarh.1,,,,Spine,,,AAKO-5041,,,,,,,
Story,AAKO-6314,1326955,AAKO-4099,4/4/18 12:27,Expansion Category:  Setup Parameters to link Exp Component to Quota Component,Completed,Done,Spine,,5,,FirstBU,,,,,,,Targaryen,Done,4/20/18 9:41,AAKO-Targaryen - Bandhavgarh.1,,,,Spine,,,,,,,,,,
Story,AAKO-6310,1325269,AAKO-3983,4/4/18 10:55,B.1 Updates & Enhancements (pt 2) - Invoice Realignment,In Progress,,Spine,,3,,Spine,,,,,,,Stark,,,Stark - Bandhavgarh.2,,,,Spine,,,AAKO-6204,,,,,,,
Story,AAKO-6307,1322950,AAKO-4889,4/3/18 16:13,Map Synthes Territory ID to DePuy Geography + Add UCN,Completed,Done,Spine,,8,,FirstBU,,,,,,,Targaryen,Done,4/24/18 18:41,AAKO-Targaryen - Bandhavgarh.1,,,,Spine,,,,,,,,,,
Story,AAKO-6233,1312718,AAKO-4906,3/29/18 9:05,Improving Portal Processing Time ,Completed,Done,Spine,,13,,spine,,,,,,,Lannister,Done,4/12/18 7:11,AAKO - Lannister -B'ghar.IP,,,,Spine,,,,,,,,,,
Story,AAKO-6208,1305746,AAKO-16,3/27/18 12:11,Enable ability to Delete WWID to Summary Records,Open,,Trauma,,7,,DPS,,,,,,,Lannister,,,,,,,Trauma,,,,,,,,,,
Story,AAKO-6207,1306201,AAKO-3963,3/27/18 11:06,Enhance Inv Realignment History,Completed,Done,Spine,,3,,FirstBU,,,,,,,Targaryen,Done,4/6/18 11:26,AAKO - Targaryen - Acadia.IP,,,,Spine,,,,,,,,,,
Story,AAKO-6205,1301997,AAKO-4902,3/26/18 9:07,Finalize & Standardize the columns shown in existing test portal views for each metric type (Y),Completed,Done,Spine,,8,,FirstBU,,,,,,,Lannister,Done,4/26/18 9:20,Lannister - Bandhavgarh.1,,,,Spine,,,,,,,,,,
Story,AAKO-6204,1301695,AAKO-3983,3/26/18 7:59,Field Portal - A.4 Updates & Enhancements,Completed,Done,Spine,,8,,Spine,,,,,,,Stark,Done,4/26/18 11:36,Stark - Bandhavgarh.1,,,,Spine,,,AAKO-5993,,,,,,,
Story,AAKO-6198,1298962,AAKO-3963,3/23/18 9:38,Prevent Invoice Realignment to upper hierarchy levels,Completed,Done,Spine,,5,,,,,,,,,Targaryen,Done,3/28/18 13:25,AAKO - Targaryen - Acadia.4,,,,Spine,,,,,,,,,,
Story,AAKO-6183,1296442,AAKO-3963,3/22/18 10:40,Upload Inv Realignment @ Invoice / Graft ID level including GEO,Open,,Spine,,13,,FirstBU,,,,,,,Targaryen,,,AAKO-Targaryen - Bandhavgarh.3,,,,Spine,,,,,,,,,,
Story,AAKO-6182,1294424,AAKO-4885,3/21/18 13:55,"FIX - Enable ""SPN Lifenet Customer Crosswalk"" to receive new records",Completed,Done,Spine,,5,,FirstBU,,,,,,,Targaryen,Done,3/27/18 17:42,AAKO - Targaryen - Acadia.4,,,,Spine,,,,,,,,,,
Story,AAKO-6179,1292759,AAKO-22,3/20/18 18:47,Create Customer Sales Adjustments - Create Load Process,Completed,Done,Spine,,5,,FirstBU,,,,,,,Targaryen,Done,4/24/18 18:18,AAKO-Targaryen - Bandhavgarh.1,,,,Spine,,,,,,,,,,
Story,AAKO-6177,1289296,AAKO-3963,3/19/18 17:55,Non-Editable Historic view of Invoice Realignments,Completed,Done,Spine,,1,,FirstBU,,,,,,,Targaryen,Done,3/28/18 13:24,AAKO - Targaryen - Acadia.4,,,,Spine,,,,,,,,,,
Story,AAKO-6167,1285922,AAKO-3963,3/16/18 14:22,AUDIT: Invoice Realignment SOX Compliance Audit Report,Open,,Spine,,7,,FirstBU,,,,,,,Mormont,,,AAKO - Mormont - Bandhavgarh.4,,,,Spine,,,,,,,,,,
Story,AAKO-6166,1285154,AAKO-3983,3/16/18 9:56,DART Update: Inclusion of JDE AB Number columns & cross-reference link,Completed,Done,Spine,,13,,FirstBU,,,,,,,Stark,Done,4/26/18 11:36,Stark - Bandhavgarh.1,,,,Spine,,,,,,,,,,
Story,AAKO-6087,1282710,AAKO-3983,3/15/18 11:20,Enhancement Placeholder - all align Sales Transaction - DTP (Delta Logic) Part 5 ,Completed,Done,Spine,,5,,FirstBU,,,,,,,Stark,Done,3/29/18 9:39,AAKO - Stark - Acadia.4,,,,Spine,,,AAKO-6086,,,,,,,
Story,AAKO-6086,1282709,AAKO-3983,3/15/18 11:20,Enhancement Placeholder - all align Sales Transaction - DTP (Delta Logic) Part 4 ,Completed,Done,Spine,,5,,FirstBU,,,,,,,Stark,Done,3/29/18 9:39,AAKO - Stark - Acadia.4,,,,Spine,,,AAKO-6085,,,,,,,
Story,AAKO-6085,1282707,AAKO-3983,3/15/18 11:19,Enhancement Placeholder - all align Sales Transaction - DTP (Delta Logic) Part 3 ,Completed,Done,Spine,,5,,FirstBU,,,,,,,Stark,Done,3/23/18 16:00,AAKO - Stark - Acadia.4,,,,Spine,,,AAKO-6084,,,,,,,
Story,AAKO-6084,1282706,AAKO-3983,3/15/18 11:19,Enhancement Placeholder - all align Sales Transaction - DTP (Delta Logic) Part 2 ,Completed,Done,Spine,,5,,FirstBU,,,,,,,Stark,Done,3/23/18 15:55,AAKO - Stark - Acadia.4,,,,Spine,,,AAKO-5992,,,,,,,
Story,AAKO-5998,1282002,AAKO-4906,3/15/18 8:20,Apply Primary Geo flag to Component Earnings Adjustment process,Completed,Done,Spine,,13,,Spine,,,,,,,Lannister,Done,3/28/18 9:49,AAKO - Lannister - Acadia.4,,,,Spine,,,,,,,,,,
Story,AAKO-5996,1281878,AAKO-4906,3/15/18 8:02,Draw calculations Update for Mid-month start/end scenarios,Completed,Done,Spine,,5,,FirstBU,,,,,,,Lannister,Done,3/23/18 10:44,AAKO - Lannister - Acadia.4,,,,Spine,,,,,,,,,,
Story,AAKO-5993,1280680,AAKO-3983,3/14/18 15:19,Field Portal - A.3 Updates & Enhancements,Completed,Done,Spine,,1,,Spine,,,,,,,Stark,Done,3/27/18 15:11,AAKO - Stark - Acadia.4,,,,Spine,,,AAKO-5948,,,,,,,
Story,AAKO-5992,1276350,AAKO-3983,3/13/18 14:35,Enhancement Placeholder - all align Sales Transaction - DTP (Delta Logic) Part 1 ,Completed,Done,Spine,,5,,FirstBU,,,,,,,Stark,Done,3/23/18 15:55,AAKO - Stark - Acadia.4,,,,Spine,,,,,,,,,,
Story,AAKO-5991,1274048,AAKO-3958,3/12/18 16:51,Customer to Geography Primary Flag - MainStory Portal View / Bulk Upload,Completed,Done,Spine,,5,,Spine,,,,,,,Targaryen,Done,4/25/18 16:11,AAKO-Targaryen - Bandhavgarh.1,,,,Spine,,,,,,,,,,
Story,AAKO-5989,1269893,AAKO-3963,3/9/18 15:09,View and Mtn (Cancel) Previously Realigned Invoices,Completed,Done,Spine,,13,,FirstBU,,,,,,,Targaryen,Done,3/28/18 14:50,AAKO - Targaryen - Acadia.4,,,,Spine,,,,,AAKO-5778,,,,,
Story,AAKO-5954,1262478,AAKO-3983,3/6/18 15:05,Upload & Display Payout Calendars Section on FSO Portal,Completed,Done,Spine,,1,,CSS,DPS,Ethicon,FirstBU,,,,Stark,Done,4/24/18 20:38,Stark - Bandhavgarh.1,,,,Spine,,,AAKO-5953,,,,,,,
Story,AAKO-5953,1262477,AAKO-3983,3/6/18 15:04,Upload & Display Communication Documents Section on FSO Portal,Completed,Done,Spine,,1,,CSS,DPS,Ethicon,FirstBU,,,,Stark,Done,4/24/18 20:38,Stark - Bandhavgarh.1,,,,Spine,,,AAKO-5952,,,,,,,
Story,AAKO-5952,1262475,AAKO-3983,3/6/18 15:03,Upload & Display Comp Calculator Section on FSO Portal,Completed,Done,Spine,,1,,CSS,DPS,Ethicon,FirstBU,,,,Stark,Done,4/24/18 21:57,Stark - Bandhavgarh.1,,,,Spine,,,AAKO-5091,,,,,,,
Story,AAKO-5948,1261493,AAKO-3983,3/6/18 9:54,Field Portal - Cosmetic Updates,Completed,Done,Spine,,2,,Spine,,,,,,,Stark,Done,3/14/18 16:23,AAKO - Stark - Acadia.3,,,,Spine,,,AAKO-5775,,,,,,,
Story,AAKO-5942,1259451,AAKO-3963,3/5/18 13:57,Prevent Non-Alliance Sales from being Realigned across BUs,Open,,Trauma,,7,,Trauma,,,,,,,Targaryen,,,,,,,Trauma,,,,,,,,,,
Story,AAKO-5898,1254327,AAKO-3963,3/1/18 12:07,Export Paid Lifenet Graft ID Sales  (paid to Spine supports clawback)  ,Open,,Spine,,5,,Spine,,,,,,,Targaryen,,,AAKO-Targaryen - Bandhavgarh.4,,,,Spine,,,,,,,,,,
Story,AAKO-5854,1253969,AAKO-4889,3/1/18 10:03,Update to Geo Crediting (ED) - for IC Graft ID update,Open,,ETH,,7,,Ethicon,,,,,,,Targaryen,,,,,,,ETH,,,,,,,,,,
Story,AAKO-5779,1248694,AAKO-4885,2/27/18 12:01,Reprocess Lifenet Sales post updates to Account Crosswalk  ,Completed,Done,Spine,,5,,FirstBU,,,,,,,Targaryen,Done,3/22/18 12:53,AAKO - Targaryen - Acadia.4,,,,Spine,,,,,,,,,,
Story,AAKO-5777,1248636,AAKO-3963,2/27/18 10:41,Manual Form - Transaction Selection and Submit for Invoice Realignment,Completed,Done,Spine,,8,,FirstBU,,,,,,,Targaryen,Done,3/23/18 8:47,AAKO - Targaryen - Acadia.4,,,,Spine,,,,,AAKO-5767,,,,,
Story,AAKO-5775,1244945,AAKO-3983,2/26/18 8:19,Participant Commission Rate Tool - Email notifications,Completed,Done,Spine,,5,,Spine,,,,,,,Mormont,Done,4/26/18 16:28,AAKO - Mormont - Bandhavgarh.1,,,,Spine,,,AAKO-5587,,,,,,,
Story,AAKO-5773,1242077,AAKO-3990,2/23/18 8:01,Downstream Impact of recursive hierarchies: Geographies reporting to themselves,Open,,Spine,,7,,Spine,,,,,,,Mormont,,,,,,,Spine,,,AAKO-5772,,,,,,,
Story,AAKO-5770,1240897,AAKO-4889,2/22/18 15:56,"Enhance Sales Adjustment Upload to support Multiple Types via ""Comment"" field",Open,,Spine,,5,,FirstBU,,,,,,,Targaryen,,,AAKO-Targaryen - Bandhavgarh.4,,,,Spine,,,,,,,,,,
Story,AAKO-5767,1235173,AAKO-3963,2/20/18 10:44,Analyst Form for Entering Invoice Re-Alignments Search Criteria + Process ,Completed,Done,Spine,,13,,FirstBU,,,,,,,Targaryen,Done,3/22/18 12:06,AAKO - Targaryen - Acadia.4,,,,Spine,,,,,,,,,,
Story,AAKO-5598,1027683,AAKO-4890,2/14/18 15:27,Inv ReAlignment #2 - Updates to Participant Crediting ED (End of Month)for Claiming,Open,,MIT,,7,,Ethicon,Mitek,,,,,,Targaryen,,,,,,,MIT,,,,,,,,,,
Story,AAKO-5597,1027682,AAKO-4890,2/14/18 15:23,Inv ReAlignment #2 - Updates to Participant Crediting ED (Crediting Date)for Claiming,Open,,MIT,,7,,Ethicon,Mitek,,,,,,Targaryen,,,,,,,MIT,,,,,,,,,,
Story,AAKO-5595,1025732,AAKO-3963,2/13/18 11:07,Update Invoice Re-Alignment Tables (including for #1 type)  ,Completed,Done,Spine,,8,,FirstBU,,,,,,,Targaryen,Done,2/22/18 12:37,AAKO - Targaryen - Acadia.2,,,,Spine,,,,,,,,,,
Story,AAKO-5594,1025728,AAKO-4889,2/13/18 10:58,Inv ReAlignment #2 - Geography Crediting Summary ED,Open,,MIT,,7,,Ethicon,Mitek,,,,,,Targaryen,,,,,,,MIT,,,,,,,,,,
Story,AAKO-5593,1025727,AAKO-4889,2/13/18 10:57,Inv ReAlignment #2 - Geography Crediting Summary EDPY,Open,,MIT,,7,,Ethicon,Mitek,,,,,,Targaryen,,,,,,,MIT,,,,,,,,,,
Story,AAKO-5592,1025726,AAKO-4889,2/13/18 10:56,Inv ReAlignment #2 - Geography Crediting Summary SD  ,Completed,Done,Spine,,8,,FirstBU,,,,,,,Targaryen,Done,2/28/18 16:08,AAKO - Targaryen - Acadia.2,,,,Spine,,,,,,,,,,
Story,AAKO-5591,1025723,AAKO-4889,2/13/18 10:51,Inv ReAlignment #2 - Geography Crediting EDPY  ,Open,,MIT,,7,,Ethicon,Mitek,,,,,,Targaryen,,,,,,,MIT,,,,,,,,,,
Story,AAKO-5590,1025722,AAKO-4890,2/13/18 10:47,Inv ReAlignment #2 - Updates to Participant Crediting SD (Crediting Date)for Claiming,Completed,Done,Spine,,13,,FirstBU,,,,,,,Targaryen,Done,3/2/18 8:47,AAKO - Targaryen - Acadia.3,,,,Spine,,,,AAKO-5802,,,,,,
Story,AAKO-5589,1024628,AAKO-4900,2/12/18 19:16,Final Pay Adjustment  @ wwid - Apply the final payment adjustment ,Completed,Done,Spine,,5,,FirstBU,,,,,,,Lannister,Done,3/26/18 9:02,AAKO - Lannister - Acadia.4,,,,Spine,,,,,,,,,,
Story,AAKO-5588,1024588,AAKO-3984,2/12/18 17:18,Statements: Earnings Drill Down Details for Growth: Sales Up To Baseline * Rate,Open,,ETH,,7,,Ethicon,,,,,,,Stark,,,,,,,ETH,,,AAKO-5140,,,,,,,
Story,AAKO-5587,1024194,AAKO-3981,2/12/18 14:09,Participant Commission Rate Tool - Entry and Approval Views - Added Fields Enhancements,Completed,Done,Spine,,13,,Spine,,,,,,,Stark,Done,3/1/18 7:44,AAKO - Stark - Acadia.2,,,,Spine,,,,,,,,,,
Story,AAKO-5568,1017465,AAKO-5528,2/7/18 15:48,Load Raw Data to Order INP Header Table -provide view,Open,,Spine,,3,,SURGID,,,,,,,Targaryen,,,AAKO-Targaryen - Bandhavgarh.4,,,,Spine,,,,,,,,,,
Story,AAKO-5559,1017444,AAKO-5547,2/7/18 14:57,Power Tools: Load and Maintain Participants  ,Open,,LastBu,,7,,LastBU,,,,,,,Targaryen,,,,,,,LastBu,,,,,,,,,,
Story,AAKO-5558,1017442,AAKO-5547,2/7/18 14:55,Power Tools: Load Participant to Geo Alignments,Open,,LastBu,,7,,LastBU,,,,,,,Targaryen,,,,,,,LastBu,,,,,,,,,,
Story,AAKO-5557,1017441,AAKO-5547,2/7/18 14:53,PowerTools:  Load Customer to Territory Alignments,Open,,LastBu,,7,,LastBU,,,,,,,Targaryen,,,,,,,LastBu,,,,,,,,,,
Story,AAKO-5556,1017432,AAKO-4906,2/7/18 14:44,Configure Mechanics - Vacancy C ( Terr % coverage  * Flat),Completed,Done,Spine,,13,,FirstBU,,,,,,,Lannister,Done,3/15/18 11:24,AAKO - Lannister - Acadia.3,,,,Spine,,,,,,,,,,
Story,AAKO-5553,1017425,AAKO-5547,2/7/18 14:28,TESTING: Power Tools -Mechanic - Sales * Rate,Open,,LastBu,,7,,LastBU,,,,,,,Targaryen,,,,,,,LastBu,,,,,,,,,,
Story,AAKO-5552,1017424,AAKO-5547,2/7/18 14:25,Power Tools: Load Sales to Harmonized Sales Data (TBD if sales data must be massaged),Open,,LastBu,,7,,LastBU,,,,,,,Targaryen,,,,,,,LastBu,,,,,,,,,,
Story,AAKO-5551,1017423,AAKO-5547,2/7/18 14:24,Power Tools:  Load to Harmonized Product Master,Open,,LastBu,,7,,LastBU,,,,,,,Targaryen,,,,,,,LastBu,,,,,,,,,,
Story,AAKO-5550,1017422,AAKO-5547,2/7/18 14:23,Power Tools: Load to Harmonized Product Hierarchy,Open,,LastBu,,7,,LastBU,,,,,,,Targaryen,,,,,,,LastBu,,,,,,,,,,
Story,AAKO-5549,1017421,AAKO-5547,2/7/18 14:22,Power Tools - Build Account Xref to Harmonized Account Table,Open,,LastBu,,7,,LastBU,,,,,,,Targaryen,,,,,,,LastBu,,,,,,,,,,
Story,AAKO-5548,1017420,AAKO-5547,2/7/18 14:20,Power Tools - Load Accounts to  Xref to Harmonized Account Table,Open,,LastBu,,7,,LastBU,,,,,,,Targaryen,,,,,,,LastBu,,,,,,,,,,
Story,AAKO-5534,1017236,AAKO-3983,2/7/18 12:49,FSO Report: YTD Commission Earnings (Mgr),Open,,Spine,,7,,DPS,FirstBU,,,,,,Mormont,,,AAKO - Mormont - Bandhavgarh.3,,,,Spine,,,AAKO-5020,,AAKO-4902,,,,,
Story,AAKO-5477,1014058,AAKO-3982,2/6/18 8:23,PLACEHOLDER - Internal C&E Reports (7/7),Open,,Spine,,7,,FirstBU,,,,,,,Mormont,,,,,,,Spine,,,AAKO-5476,,,,,,,
Story,AAKO-5476,1014056,AAKO-3982,2/6/18 8:22,INTERNAL REPORTING: Unified Cust-Geo-Participant Alignment report (Per Deployment request),Open,,Spine,,7,,FirstBU,,,,,,,Mormont,,,,,,,Spine,,,AAKO-5475,,,,,,,
Story,AAKO-5475,1014054,AAKO-3982,2/6/18 8:22,Internal Impersonation Ability,In Progress,,Spine,,13,,FirstBU,,,,,,,Mormont,,,AAKO - Mormont - Bandhavgarh.2,,,,Spine,,,AAKO-5474,,AAKO-5421,AAKO-5420,AAKO-6683,,,
Story,AAKO-5474,1014053,AAKO-3982,2/6/18 8:21,Internal View - Quota Sales and Attainment - Quota Attainment by BU,Open,,Trauma,,7,,Trauma,,,,,,,Mormont,,,,,,,Trauma,,,AAKO-5473,,,,,,,
Story,AAKO-5473,1014052,AAKO-3982,2/6/18 8:21,Internal View - Quota Sales and Attainment - Quota Attainment by Customer,Open,,Trauma,,7,,Trauma,,,,,,,Mormont,,,,,,,Trauma,,,AAKO-5472,,,,,,,
Story,AAKO-5472,1014051,AAKO-3982,2/6/18 8:21,Internal View - Quota Sales and Attainment - Quota Attainment by Participant,Open,,Spine,,3,,FirstBU,,,,,,,Mormont,,,AAKO - Mormont - Bandhavgarh.3,,,,Spine,,,AAKO-5471,,AAKO-804,,,,,
Story,AAKO-5470,1014045,AAKO-3984,2/6/18 8:05,Drill Down for Mechanic: PlaceHolder: Mgmt Alliance  -  Lead Generation and Conversion ,Open,,Spine,,2,,DPS,,,,,,,Stark,,,,,,,Trauma,,,AAKO-5469,,,,,,,
Story,AAKO-5468,1014041,AAKO-3984,2/6/18 8:04,Drill Down for Mechanic: Placeholder: Quarterly Target * Rate,Open,,,,7,,Joint_Recon_Distributor,,,,,,,Stark,,,,,,,Recon - Distributer,,,AAKO-5467,,,,,,,
Story,AAKO-5467,1014039,AAKO-3984,2/6/18 8:03,Drill Down for Mechanic: Placeholder: Growth: PY Sales Up to PY Target * Rate,Open,,,,7,,Joint_Recon_Direct,,,,,,,Stark,,,,,,,Recon - Direct ,,,AAKO-5466,,,,,,,
Story,AAKO-5466,1014037,AAKO-3984,2/6/18 8:03,Drill Down for Mechanic: Commission:  Calculate Net Sales (PS) * Rate (CLAIMED) Sales,Open,,Trauma,,7,,CMF,,,,,,,Stark,,,,,,,Trauma,,,AAKO-5465,,,,,,,
Story,AAKO-5465,1014035,AAKO-3984,2/6/18 8:02,Drill Down for Mechanic: Quota: Attainment & Snapshot Sales * Rate + Expansion Category,Open,,,,2,,DPS,,,,,,,Stark,,,Stark - Bandhavgarh.4,,,,Spine,,,AAKO-5464,,,,,,,
Story,AAKO-5464,1014034,AAKO-3984,2/6/18 8:01,Drill Down for Mechanic: Quota: WWID Lvl Attainment & Earnings on Payout Table + Expansion Category,Open,,,,2,,DPS,,,,,,,Stark,,,Stark - Bandhavgarh.4,,,,Spine,,,AAKO-5463,,,,,,,
Story,AAKO-5463,1014033,AAKO-3984,2/6/18 8:00,Drill Down for Mechanic: Commission:  Unit * Rate,Open,,,,2,,Mitek,Recon-Direct,Trauma,,,,,Stark,,,,,,,Trauma,,,AAKO-5462,,,,,,,
Story,AAKO-5462,1014031,AAKO-3984,2/6/18 7:59,Drill Down for Mechanic: Lead: Conversion * Flat Amt based on Acct Status,Open,,,,2,,Spine,,,,,,,Stark,,,Stark - Bandhavgarh.4,,,,Spine,,,AAKO-5461,,,,,,,
Story,AAKO-5461,1014030,AAKO-3984,2/6/18 7:59,Drill Down for Mechanic: Lead: Conversion * Flat Amt,Open,,,,7,,DPS,,,,,,,Stark,,,,,,,Trauma,,,AAKO-5460,,,,,,,
Story,AAKO-5460,1014029,AAKO-3984,2/6/18 7:58,Drill Down for Mechanic: Lead: Lead * Flat Amt,Open,,,,7,,DPS,Ethicon,,,,,,Stark,,,,,,,Trauma,,,AAKO-5459,,,,,,,
Story,AAKO-5459,1014028,AAKO-3984,2/6/18 7:57,Drill Down for Mechanic: Growth: CY Quarter over PY Quarter * Rate,Open,,,,2,,DPS,,,,,,,Stark,,,Stark - Bandhavgarh.4,,,,Spine,,,AAKO-5458,,,,,,,
Story,AAKO-5454,1014020,AAKO-3984,2/6/18 7:52,Drill Down for Mechanic: JNJ Advance,Open,,Spine,,2,,DPS,FirstBU,,,,,,Stark,,,Stark - Bandhavgarh.4,,,,Spine,,,AAKO-5140,,,,,,,
Story,AAKO-5453,1014019,AAKO-3983,2/6/18 7:50,Drill Down for Mechanic: JNJ Advance,Open,,Spine,,7,,FirstBU,,,,,,,Stark,,,AAKO - Stark - C.1,,,,Spine,,,AAKO-5452,,,,,,,
Story,AAKO-5449,1012602,AAKO-4902,2/5/18 19:28,"Compensation Summary - JJED Status, “Active” or “Terminated” ",Open,,Spine,,7,,FirstBU,,,,,,,Lannister,,,,,,,Spine,,,,,,,,,,
Story,AAKO-5436,1011220,AAKO-3983,2/5/18 11:11,CPD: Drill Down for Mechanic: Commission:  Unit * Rate,Open,,,,7,,DPS,,,,,,,Stark,,,,,,,Trauma,,,AAKO-5124,,,,,,,
Story,AAKO-5435,1011219,AAKO-3983,2/5/18 11:09,CPD: Drill Down for Mechanic: Lead: Conversion * Flat Amt based on Acct Status,Open,,Trauma,,7,,Trauma,,,,,,,Stark,,,,,,,Trauma,,,AAKO-5434,,,,,,,
Story,AAKO-5434,1011217,AAKO-3983,2/5/18 11:08,CPD: Drill Down for Mechanic: Lead: Conversion * Flat Amt,Open,,,,7,,DPS,,,,,,,Stark,,,,,,,Trauma,,,AAKO-5433,,,,,,,
Story,AAKO-5433,1011215,AAKO-3983,2/5/18 11:07,CPD: Drill Down for Mechanic: Lead: Lead * Flat Amt,Open,,,,7,,DPS,Ethicon,,,,,,Stark,,,,,,,Trauma,,,AAKO-5131,,,,,,,
Story,AAKO-5432,1011208,AAKO-3983,2/5/18 11:03,CPD: Drill Down for Mechanic: Quota: WWID Lvl Attainment & Earnings on Payout Table + Expansion Category,Open,,Spine,,7,,DPS,,,,,,,Stark,,,AAKO - Stark - C.1,,,,Spine,,,AAKO-5136,,,,,,,
Story,AAKO-5431,1011206,AAKO-3983,2/5/18 11:01,CPD: Drill Down for Mechanic: PlaceHolder: Mgmt Alliance  -  Lead Generation and Conversion ,Open,,,,7,,Trauma,,,,,,,Stark,,,,,,,Trauma,,,AAKO-5430,,,,,,,
Story,AAKO-5429,1011201,AAKO-3983,2/5/18 10:54,CPD: Drill Down for Mechanic: Placeholder: Quarterly Target * Rate,Open,,,,7,,Joint_Recon_Distributor,,,,,,,Stark,,,,,,,Recon - Distributer,,,AAKO-5131,,,,,,,
Story,AAKO-5428,1011200,AAKO-3983,2/5/18 10:51,CPD: Drill Down for Mechanic: Placeholder: Growth: PY Sales Up to PY Target * Rate,Open,,,,7,,Joint_Recon_Direct,,,,,,,Stark,,,,,,,Recon - Direct ,,,AAKO-5130,,,,,,,
Story,AAKO-5427,1010692,AAKO-3983,2/5/18 10:18,CPD: Drill Down for Mechanic: Quota: Attainment & Snapshot Sales * Rate + Expansion Category,Open,,Spine,,7,,DPS,,,,,,,Stark,,,,,,,Spine,,,AAKO-5119,,,,,,,
Story,AAKO-5426,1010691,AAKO-3983,2/5/18 10:15,CPD: Drill Down for Mechanic: Growth: CY Quarter over PY Quarter * Rate,Open,,,,7,,Trauma,,,,,,,Stark,,,,,,,Trauma,,,AAKO-5128,,,,,,,
Story,AAKO-5424,1010688,AAKO-3983,2/5/18 10:09,CPD: Earnings Drill Down Details for Commission: Calculate Net Sales (PS) * Rate (Claimed),Open,,Trauma,,7,,CMF,,,,,,,Stark,,,,,,,Trauma,,,AAKO-5122,,,,,,,
Story,AAKO-5421,1010672,AAKO-3982,2/5/18 9:08,Portal Access Management - Internal User,Completed,Done,Spine,,13,,FirstBU,,,,,,,Mormont,Done,5/1/18 9:20,AAKO - Mormont - Bandhavgarh.2,,,,Spine,,,AAKO-5420,,,,,,,
Story,AAKO-5420,1010669,AAKO-3983,2/5/18 9:04,Portal Access Management - FSO User,Completed,Done,Spine,,13,,DPS,FirstBU,,,,,,Mormont,Done,5/1/18 9:18,AAKO - Mormont - Bandhavgarh.2,,,,Spine,,,AAKO-5419,,,,,,,
Story,AAKO-5419,1010665,AAKO-3983,2/5/18 8:50,Portal View - FSO Manager,Completed,Done,Spine,,8,,DPS,FirstBU,,,,,,Stark,Done,2/26/18 14:58,AAKO - Stark - Acadia.2,,,,Spine,,,AAKO-3240,,,,,,,
Story,AAKO-5406,1010572,AAKO-3997,2/5/18 6:59,Effective Dated PY Participant Sales Crediting Job,Open,,ETH,,7,,Ethicon,,,,,,,Stark,,,,,,,ETH,,,,,,,,,,
Story,AAKO-5405,1010571,AAKO-3997,2/5/18 6:58,Effective Dated Participant Quota Crediting Job,Open,,ETH,,7,,Ethicon,,,,,,,Stark,,,,,,,ETH,,,,,,,,,,
Story,AAKO-5403,1010569,AAKO-3997,2/5/18 6:54,Effective Dated Participant Sales Crediting Job,Open,,ETH,,7,,Ethicon,,,,,,,Stark,,,,,,,ETH,,,,,,,,,,
Story,AAKO-5401,1010567,AAKO-3997,2/5/18 6:51,Effective Dated PY Geography Sales Crediting Job,Open,,ETH,,7,,Ethicon,,,,,,,Stark,,,,,,,ETH,,,AAKO-5400,,,,,,,
Story,AAKO-5400,1010566,AAKO-3997,2/5/18 6:51,Effective Dated Geography Quota Crediting Job,Open,,ETH,,7,,Ethicon,,,,,,,Stark,,,,,,,ETH,,,,,,,,,,
Story,AAKO-5398,1010564,AAKO-3997,2/5/18 6:49,Effective Dated Geography Sales Crediting Job,Open,,ETH,,7,,Ethicon,,,,,,,Stark,,,,,,,ETH,,,,,,,,,,
Story,AAKO-5394,1009670,AAKO-4888,2/4/18 12:53,Validation - Enhancement to system Compensation warnings ,Open,,Spine,,7,,FirstBU,,,,,,,Lannister,,,,,,,Spine,,,,,,,,,,
Story,AAKO-5392,1009179,AAKO-4889,2/2/18 19:10,DBX - Receive 1@ from JDE - Adjust Gross and Net Sales Dollar Amt,Open,,Trauma,,7,,Trauma,,,,,,,Targaryen,,,,,,,Trauma,,,,,AAKO-5391,,,,,
Story,AAKO-5390,1009176,AAKO-4890,2/2/18 18:58,Lead Generation - Roll-Up Process,Open,,Trauma,,7,,Trauma,,,,,,,Targaryen,,,,,,,Trauma,,,,,,,,,,
Story,AAKO-5389,1009172,AAKO-4885,2/2/18 18:38,Update LifeNet Product Description with Value from LNH Sales,Open,,Spine,,3,,Spine,,,,,,,Targaryen,,,AAKO-Targaryen - Bandhavgarh.3,,,,Spine,,,,,,,,,,
Story,AAKO-5386,1009167,AAKO-4888,2/2/18 18:15,Set-Up Parameter - #2 Inv Re-Alignment -Components Requiring Sales Revenue Post Invoice Realignment,Completed,Done,Spine,,8,,FirstBU,,,,,,,Targaryen,Done,2/22/18 15:10,AAKO - Targaryen - Acadia.2,,,,Spine,,AAKO-5668,,,,,,,,
Story,AAKO-5379,1009135,AAKO-4885,2/2/18 16:18,Add IC Graft ID to Sales Harmonized / Sales Processing,Completed,Done,Spine,,8,,Recon,Spine,,,,,,Targaryen,Done,3/8/18 12:14,AAKO - Targaryen - Acadia.3,,,,Spine,,,,,,,,,,
Story,AAKO-5366,1008971,AAKO-2277,2/2/18 13:55,Data Validation Kickouts: Sales Data Assurance,Open,,Spine,,3,,FirstBU,,,,,,,Mormont,,,AAKO - Mormont - Bandhavgarh.3,,,,Spine,,,AAKO-5365,,AAKO-5362,,,,,
Story,AAKO-5365,1008970,AAKO-2277,2/2/18 13:51,Data Validation Reporting: Sales Data Assurance,Open,,Spine,,3,,FirstBU,,,,,,,Mormont,,,AAKO - Mormont - Bandhavgarh.3,,,,Spine,,,AAKO-2569,,AAKO-2568,,,,,
Story,AAKO-5364,1008947,AAKO-2277,2/2/18 12:53,Data Validation Kickouts: Participant Data Assurance,Open,,Spine,,3,,FirstBU,,,,,,,Mormont,,,AAKO - Mormont - Bandhavgarh.3,,,,Spine,,,AAKO-4883,,AAKO-5362,,,,,
Story,AAKO-5363,1008938,AAKO-2277,2/2/18 12:38,Data Validation Kickouts: Customer Data Assurance,In Progress,,Spine,,3,,FirstBU,,,,,,,Mormont,,,AAKO - Mormont - Bandhavgarh.2,,,,Spine,,,AAKO-2569,,AAKO-5362,,,,,
Story,AAKO-5362,1008929,AAKO-2277,2/2/18 12:28,Data Validation Kickouts: Product Data Assurance,Completed,Done,Spine,,5,,FirstBU,,,,,,,Mormont,Done,4/24/18 8:17,AAKO - Mormont - Bandhavgarh.1,,,,Spine,,AAKO-6625,AAKO-2568,,,,,,,
Story,AAKO-5324,1006812,AAKO-5333,2/1/18 12:17,PLACEHOLDER: Accruals (added for complexity),Open,,Spine,,7,,FirstBU,,,,,,,Mormont,,,,,,,Spine,,,AAKO-5323,,,,,,,
Story,AAKO-5323,1006810,AAKO-5333,2/1/18 12:16,PLACEHOLDER: Accruals (added for complexity),Open,,Spine,,7,,FirstBU,,,,,,,Mormont,,,,,,,Spine,,,AAKO-594,,,,,,,
Story,AAKO-5221,1001431,AAKO-3982,1/30/18 7:59,C&E Internal Analyst Portal - Tweaks and updates to entity and assignment tables,In Progress,,Spine,,8,,FirstBU,,,,,,,Stark,,,Stark - Bandhavgarh.2,,,,Spine,,,,,,,,,,
Story,AAKO-5218,1001427,AAKO-3982,1/30/18 7:58,C&E Internal Analyst Portal - Build for Internal Analyst Roles,In Progress,,Spine,,13,,FirstBU,,,,,,,Stark,,,Stark - Bandhavgarh.2,,,,Spine,,,,,,,,,,
Story,AAKO-5215,999714,AAKO-4885,1/29/18 11:01,Load Alliance Customers in the OneMD Customer Master,Completed,Done,Spine,,5,,FirstBU,,,,,,,Targaryen,Done,2/14/18 8:23,AAKO - Targaryen - Acadia.1,,,,Spine,,,,,,,,AAKO-5372,AAKO-5373,
Story,AAKO-5211,998008,AAKO-3981,1/26/18 15:29,Inquiry Workflow: Requestor Form for Other/Misc,Open,,ETH,,3,,ETH,,,,,,,Stark,,,,,,,ETH,,,AAKO-2558,,,,,,,
Story,AAKO-5209,997207,AAKO-4886,1/26/18 9:44,Process to Load Harmonized Alliance Completed Training Table and Manual Mtn,Open,,Trauma,,5,,Spine,,,,,,,Targaryen,,,,,,,Trauma,,,,,,,,,,
Story,AAKO-5197,994150,,1/24/18 9:50,Spike -   Determine if AAKO-4916 and AAKO-435 are the same -  ,Completed,Done,Spine,,1,,,,,,,,,Targaryen,Done,1/25/18 14:54,AAKO - Targaryen - Z.IP,,,,Spine,,,,,,,,,,
Story,AAKO-5196,992603,AAKO-4888,1/23/18 16:23,Setup Payment Parameter - Payment per Lead Generation,Open,,Trauma,,7,,Trauma,,,,,,,Targaryen,,,,,,,Trauma,,,,,,,,,,
Story,AAKO-5184,991766,,1/23/18 11:17,Refine stories for A.1,Completed,Done,Spine,,3,,,,,,,,,Targaryen,Done,2/2/18 7:57,AAKO - Targaryen - Z.IP,,,,Spine,,,,,,,,,,
Story,AAKO-5175,985973,AAKO-3984,1/18/18 13:47,Statements: Earnings Drill Down Details for WWID Lvl Attainment & Earnings on Payout Table,Open,,Spine,,2,,DPS,Spine,,,,,,Stark,,,Stark - Bandhavgarh.3,,,,Spine,,,,,,,,,,
Story,AAKO-5174,985972,AAKO-3984,1/18/18 13:47,Statements: Earnings Drill Down Details for WWID Level Alliance,Open,,Spine,,2,,Spine,,,,,,,Stark,,,Stark - Bandhavgarh.4,,,,Spine,,,,,,,,,,
Story,AAKO-5173,985971,AAKO-3984,1/18/18 13:47,Statements: Earnings Drill Down Details for J&J Draw Recovery,Open,,Spine,,2,,DPS,,,,,,,Stark,,,Stark - Bandhavgarh.3,,,,Spine,,,,,,,,,,
Story,AAKO-5171,985969,AAKO-3984,1/18/18 13:47,Statements: Earnings Drill Down Details for Growth (Curr Pd Sales - Prior Pd Sales),Open,,Spine,,2,,DPS,,,,,,,Stark,,,Stark - Bandhavgarh.4,,,,Spine,,,,,,,,,,
Story,AAKO-5170,985968,AAKO-3984,1/18/18 13:47,Statements: Earnings Drill Down Details for Commission: Calculate Net Sales (PS) * Rate,Open,,Spine,,2,,DPS,,,,,,,Stark,,,Stark - Bandhavgarh.4,,,,Spine,,,,,,,,,,
Story,AAKO-5167,985965,AAKO-3984,1/18/18 13:47,Statements: Earnings Drill Down Details for Variable Comp - Credit Sales from Multiple BUs,Open,,,,2,,DPS,,,,,,,Stark,,,Stark - Bandhavgarh.4,,,,Spine,,,,,,,,,,
Story,AAKO-5163,985961,AAKO-3984,1/18/18 13:46,Statements: Earnings Drill Down Details for Baseline Average Growth: Earnings on $ Payout Table,Open,,ETH,,7,,Ethicon,,,,,,,Stark,,,,,,,ETH,,,,,,,,,,
Story,AAKO-5160,985958,AAKO-3984,1/18/18 13:46,Statements: Earnings Drill Down Details for Geo Split Growth: Sales over Quota * Rate,Open,,ETH,,7,,Acclarent,Ethicon,,,,,,Stark,,,,,,,ETH,,,,,,,,,,
Story,AAKO-5157,985955,AAKO-3984,1/18/18 13:46,Statements: Earnings Drill Down Details for Baseline Growth: Earnings on $ Payout Table,Open,,ETH,,7,,Ethicon,,,,,,,Stark,,,,,,,ETH,,,,,,,,,,
Story,AAKO-5155,985953,AAKO-3984,1/18/18 13:46,Statements: Earnings Drill Down Details for Reporting Quota Attainment,Open,,ETH,,7,,Ethicon,,,,,,,Stark,,,,,,,ETH,,,,,,,,,,
Story,AAKO-5154,985952,AAKO-3984,1/18/18 13:46,Statements: Earnings Drill Down Details for Quota: Attainment & Snapshot Sales * Rate,Open,,Spine,,2,,DPS,,,,,,,Stark,,,Stark - Bandhavgarh.4,,,,Spine,,,,,,,,,,
Story,AAKO-5153,985951,AAKO-3984,1/18/18 13:46,Statements: Earnings Drill Down Details for Quota: Attainment & Earnings on Payout Table,Open,,Spine,,2,,CSS,DPS,Ethicon,,,,,Stark,,,,,,,ETH,,,,,,,,,,
Story,AAKO-5151,985949,AAKO-3984,1/18/18 13:46,Statements: Earnings Drill Down Details for E&O: Attainment Reduction / Target Reduction,Open,,Spine,,2,,DPS,,,,,,,Stark,,,Stark - Bandhavgarh.4,,,,Spine,,,,,,,,,,
Story,AAKO-5150,985948,AAKO-3984,1/18/18 13:46,Statements: Earnings Drill Down Details for YE Performance Bonus * Rate,Open,,ETH,,7,,Ethicon,,,,,,,Stark,,,,,,,ETH,,,,,,,,,,
Story,AAKO-5149,985947,AAKO-3984,1/18/18 13:46,Statements: Earnings Drill Down Details for Growth: Sales over Quota * Rate,Open,,Spine,,2,,Acclarent,ASP,BWI,Codman,DPS,Ethicon,Mentor,Stark,,,,,,,ETH,,,,,,,,,,
Story,AAKO-5148,985946,AAKO-3984,1/18/18 13:46,Statements: Earnings Drill Down Details for Flat Payment,Open,,Spine,,2,,ACC,TRM,,,,,,Stark,,,Stark - Bandhavgarh.3,,,,Spine,,,,,,,,,,
Story,AAKO-5147,985945,AAKO-3984,1/18/18 13:46,Statements: Earnings Drill Down Details for MBO Qualitative,Open,,Spine,,2,,FirstBU,,,,,,,Stark,,,Stark - Bandhavgarh.3,,,,Spine,,,,,,,,,,
Story,AAKO-5146,985944,AAKO-3984,1/18/18 13:46,Statements: Spine Commission Drill Downs for SD EOM & Crediting Date,Open,,Spine,,8,,FirstBU,Spine,,,,,,Stark,,,Stark - Bandhavgarh.3,,,,Spine,,,,,,,,,,
Story,AAKO-5144,985942,AAKO-3984,1/18/18 13:46,Statements: Spine DTP to populate IC Statement,Open,,Spine,,8,,FirstBU,Spine,,,,,,Stark,,,Stark - Bandhavgarh.3,,,,Spine,,,,,,,,,,
Story,AAKO-5143,985941,AAKO-3984,1/18/18 13:46,Statements: Spine Template for IC Statement,Open,,Spine,,5,,FirstBU,Spine,,,,,,Stark,,,Stark - Bandhavgarh.3,,,,Spine,,,,,,,,,,
Story,AAKO-5142,985940,AAKO-3984,1/18/18 13:46,Statements: Spine Growth Drill Downs,Open,,Spine,,8,,FirstBU,Spine,,,,,,Stark,,,Stark - Bandhavgarh.3,,,,Spine,,,,,,,,,,
Story,AAKO-5141,985939,AAKO-3984,1/18/18 13:46,Statements: Spine Quota Attainment Drill Downs,Open,,Spine,,8,,FirstBU,Spine,,,,,,Stark,,,Stark - Bandhavgarh.3,,,,Spine,,,,,,,,,,
Story,AAKO-5140,985938,AAKO-3984,1/18/18 13:46,Statements: Earnings Drill Down Details for Growth: Sales Over Baseline and Up To Quota * Rate,Open,,Spine,,2,,Ethicon,,,,,,,Stark,,,,,,,ETH,,,,,,,,,,
Story,AAKO-5138,985494,AAKO-3983,1/18/18 11:07,CPD: Earnings Drill Down Details for Geo Split Growth: Sales over Quota * Rate,Open,,,,7,,Acclarent,Ethicon,,,,,,Stark,,,,,,,ETH,,,,,,,,,,
Story,AAKO-5133,985489,AAKO-3983,1/18/18 11:07,CPD: Earnings Drill Down Details for YE Performance Bonus * Rate,Open,,,,7,,Ethicon,,,,,,,Stark,,,,,,,ETH,,,,,,,,,,
Story,AAKO-5131,985487,AAKO-3983,1/18/18 11:07,CPD: Earnings Drill Down Details for Growth: Sales over Quota * Rate,Open,,MIT,,7,,CSS,DPS,Ethicon,,,,,Stark,,,,,,,MIT,,,,,,,,,,
Story,AAKO-5129,985485,AAKO-3983,1/18/18 11:07,CPD: Earnings Drill Down Details for Growth: Sales Over Baseline and Up To Quota * Rate,Open,,MIT,,7,,MIT,,,,,,,Stark,,,,,,,MIT,,,,,,,,,,
Story,AAKO-5128,985484,AAKO-3983,1/18/18 11:07,CPD: Earnings Drill Down Details for Growth (Curr Pd Sales - Prior Pd Sales),Open,,Spine,,7,,DPS,,,,,,,Stark,,,AAKO - Stark - C.1,,,,Spine,,,,,,,,,,
Story,AAKO-5127,985483,AAKO-3983,1/18/18 11:07,CPD: Earnings Drill Down Details for Baseline Growth: Earnings on $ Payout Table,Open,,,,7,,Ethicon,,,,,,,Stark,,,,,,,ETH,,,,,,,,,,
Story,AAKO-5126,985482,AAKO-3983,1/18/18 11:07,CPD: Earnings Drill Down Details for Baseline Average Growth: Earnings on $ Payout Table,Open,,,,7,,Ethicon,,,,,,,Stark,,,,,,,ETH,,,,,,,,,,
Story,AAKO-5125,985481,AAKO-3983,1/18/18 11:07,CPD: Earnings Drill Down Details for Flat Payment,Open,,,,7,,Acclarent,Trauma,,,,,,Stark,,,,,,,Trauma,,,,,,,,,,
Story,AAKO-5122,985478,AAKO-3983,1/18/18 11:07,CPD: Earnings Drill Down Details for Commission: Calculate Net Sales (PS) * Rate,Open,,Spine,,7,,DPS,,,,,,,Stark,,,AAKO - Stark - C.1,,,,Spine,,,,,,,,,,
Story,AAKO-5121,985477,AAKO-3983,1/18/18 11:07,CPD: Earnings Drill Down Details for Variable Comp - Credit Sales from Multiple BUs,Open,,Spine,,7,,DPS,,,,,,,Stark,,,AAKO - Stark - C.1,,,,Spine,,,,,,,,,,
Story,AAKO-5120,985476,AAKO-3983,1/18/18 11:07,CPD: Earnings Drill Down Details for Reporting Quota Attainment,Open,,ETH,,7,,,,,,,,,Stark,,,,,,,ETH,,,,,,,,,,
Story,AAKO-5119,985475,AAKO-3983,1/18/18 11:07,CPD: Earnings Drill Down Details for Quota: Attainment & Snapshot Sales * Rate,Open,,Spine,,7,,DPS,,,,,,,Stark,,,AAKO - Stark - C.1,,,,Spine,,,,,,,,,,
Story,AAKO-5118,985474,AAKO-3983,1/18/18 11:07,CPD: Earnings Drill Down Details for Quota: Attainment & Earnings on Payout Table,Open,,ETH,,7,,CSS,DPS,Ethicon,,,,,Stark,,,,,,,ETH,,,,,,,,,,
Story,AAKO-5112,985544,AAKO-3983,1/18/18 10:42,CPD - Growth Drill Downs,Completed,Done,Spine,,8,,DPS,FirstBU,,,,,,Stark,Done,3/15/18 10:24,AAKO - Stark - Acadia.3,,,,Spine,,,AAKO-5111,,,,,,,
Story,AAKO-5111,985538,AAKO-3983,1/18/18 10:35,CPD - Quota Attainment Drill Downs,Completed,Done,Spine,,8,,DPS,FirstBU,,,,,,Stark,Done,3/13/18 19:28,AAKO - Stark - Acadia.3,,,,Spine,,,AAKO-5110,,,,,,,
Story,AAKO-5110,985537,AAKO-3983,1/18/18 10:34,CPD - Commission Drill Downs for Crediting Date,Completed,Done,Spine,,8,,DPS,FirstBU,,,,,,Stark,Done,3/15/18 10:03,AAKO - Stark - Acadia.3,,,,Spine,,,AAKO-5109,,,,,,,
Story,AAKO-5109,985536,AAKO-3983,1/18/18 10:34,CPD - Commission Drill Downs for SD EOM,Completed,Done,Spine,,8,,DPS,FirstBU,,,,,,Stark,Done,3/13/18 11:48,AAKO - Stark - Acadia.3,,,,Spine,,,AAKO-5108,,,,,,,
Story,AAKO-5108,985535,AAKO-3983,1/18/18 10:33,CPD - DTP to populate Progress Report,Completed,Done,Spine,,13,,DPS,FirstBU,,,,,,Stark,Done,3/1/18 13:25,AAKO - Stark - Acadia.2,,,,Spine,,,AAKO-5107,,,,,,,
Story,AAKO-5107,985534,AAKO-3983,1/18/18 10:32,CPD - Template for My Progress Report (Sales Rep View),Completed,Done,Spine,,13,,FirstBU,Spine,,,,,,Stark,Done,3/1/18 7:45,AAKO - Stark - Acadia.2,,,,Spine,,,AAKO-5019,,,,,,,
Story,AAKO-5106,985505,AAKO-3981,1/18/18 10:12,Inquiry Workflow: Notifications,Open,,ETH,,7,,ETH,,,,,,,Stark,,,,,,,ETH,,,AAKO-5105,,,,,,,
Story,AAKO-5105,985297,AAKO-3981,1/18/18 10:08,Inquiry Workflow: Resolution Flow,Open,,ETH,,8,,ETH,,,,,,,Stark,,,,,,,ETH,,,AAKO-2563,,,,,,,
Story,AAKO-5104,985248,AAKO-3981,1/18/18 9:42,Participant Commission Rate Tool - Create Base Workflow,Completed,Done,Spine,,13,,DPS,FirstBU,,,,,,Stark,Done,2/15/18 16:16,AAKO - Stark - Acadia.1,,,,Spine,,,AAKO-5103,,,,,,,
Story,AAKO-5103,985247,AAKO-3981,1/18/18 9:39,Participant Commission Rate Tool - Backend Structure Change,Completed,Done,Spine,,8,,DPS,FirstBU,,,,,,Stark,Done,2/15/18 16:16,AAKO - Stark - Acadia.1,,,,Spine,,,AAKO-3913,,,,,,,
Story,AAKO-5091,982227,AAKO-3983,1/16/18 16:50,Upload & Display FSO Forms Section on FSO Portal,Completed,Done,Spine,,1,,CSS,DPS,Ethicon,FirstBU,,,,Stark,Done,4/24/18 11:40,Stark - Bandhavgarh.1,,,,Spine,,,,,,,,,,
Story,AAKO-5090,982225,AAKO-3983,1/16/18 16:47,Upload & Display Help Section on FSO Portal,Completed,Done,Spine,,2,,CSS,DPS,Ethicon,FirstBU,,,,Stark,Done,4/24/18 10:25,Stark - Bandhavgarh.1,,,,Spine,,,,,,,,,,
Story,AAKO-5089,982334,AAKO-4902,1/16/18 16:46,Compensation Summary - Participant Trained Parameter ,Open,,Trauma,,7,,DPS,,,,,,,Lannister,,,,,,,Trauma,,,,,,,,,,
Story,AAKO-5088,982333,AAKO-4902,1/16/18 16:46,(Lvl 2) Compensation Summary - DPS Component Information,Open,,CMF,Trauma,7,,DPS,,,,,,,Lannister,,,,,,,CMF,,,,,,,,,,
Story,AAKO-5087,982332,AAKO-4906,1/16/18 16:46,Apply Earning Adjustments for Snapshot (Participant),Open,,Spine,,8,,FirstBU,,,,,,,Lannister,,,Lannister - Bandhavgarh.2,,,,Spine,,,,,AAKO-4358,,,,,
Story,AAKO-5086,982331,AAKO-4903,1/16/18 16:46,[Placeholder due to Complexity] Payout - Ability to pay on Off-Cycle schedule (Z),Open,,LastBu,,7,,LastBU,,,,,,,Lannister,,,,,,,LastBu,,,,,,,,,,
Story,AAKO-5085,982330,AAKO-4903,1/16/18 16:46,[Placeholder due to Complexity] Payout - Ability to pay on Off-Cycle schedule (Y),Open,,LastBu,,7,,LastBU,,,,,,,Lannister,,,,,,,LastBu,,,,,,,,,,
Story,AAKO-5084,982329,AAKO-4903,1/16/18 16:46,[Placeholder due to Complexity] Payout - Ability to pay on Off-Cycle schedule (X),Open,,LastBu,,7,,LastBU,,,,,,,Lannister,,,,,,,LastBu,,,,,,,,,,
Story,AAKO-5080,982325,AAKO-3979,1/16/18 16:46,(8) Wage Code File / Payroll Report,Open,,Spine,,7,,FirstBU,,,,,,,Lannister,,,Lannister - C1,,,,Spine,,,,,,,,,,
Story,AAKO-5079,982324,AAKO-4903,1/16/18 16:46,[REUSE ]Common Payment Process - Terminated Participants,Open,,Spine,,8,,FirstBU,,,,,,,Lannister,,,Lannister - Bandhavgarh.4,,,,Spine,,,,,,,,,,
Story,AAKO-5078,982323,AAKO-3976,1/16/18 16:46,Standard Guarantee @ Component Level,Open,,Recon - Distributer,,7,,Joint_Recon_Distributor,,,,,,,Lannister,,,,,,,Recon - Distributer,,,,,,,,,,
Story,AAKO-5076,982321,AAKO-4902,1/16/18 16:46,Compensation Summary - Level 2 Logic and configuration (A),In Progress,,Spine,,13,,FirstBU,,,,,,,Lannister,,,Lannister - Bandhavgarh.2,,,,Spine,,,,,,,,,,
Story,AAKO-5075,982320,AAKO-4902,1/16/18 16:46,(Lvl 2) Compensation Summary - MIT SI Component Information,Open,,,,7,,Mitek,,,,,,,Lannister,,,,,,,MIT,,,,,,,,,,
Story,AAKO-5074,982319,AAKO-4902,1/16/18 16:46,(Lvl 2) Compensation Summary - MIT EI Component Information,Open,,,,7,,Mitek,,,,,,,Lannister,,,,,,,MIT,,,,,,,,,,
Story,AAKO-5068,982313,AAKO-4902,1/16/18 16:46,(Lvl 2) Compensation Summary - ETH 2 Component Information,Open,,,,7,,Ethicon,,,,,,,Lannister,,,,,,,ETH,,,,,,,,,,
Story,AAKO-5067,982312,AAKO-4902,1/16/18 16:46,(Lvl 2) Compensation Summary - ETH 1 Component Information,Open,,,,7,,Ethicon,,,,,,,Lannister,,,,,,,ETH,,,,,,,,,,
Story,AAKO-5066,982311,AAKO-4902,1/16/18 16:46,Compensation Summary - Level 2 Logic and configuration (B),Open,,Spine,,13,,Spine,,,,,,,Lannister,,,Lannister - Bandhavgarh.3,,,,Spine,,,,,,,,,,
Story,AAKO-5064,982309,AAKO-3976,1/16/18 16:46,Flat Guarantee @ wwid Level ,Open,,Recon - Distributer,,7,,Joint_Recon_Distributor,,,,,,,Lannister,,,,,,,Recon - Distributer,,,,,,,,,,
Story,AAKO-5063,982308,AAKO-4906,1/16/18 16:46,Compensation Summary - HTD (1 and 2) Total Earning @ WWID,Open,,ETH,,7,,FirstBU,,,,,,,Lannister,,,,,,,ETH,,,,,,,,,,
Story,AAKO-5062,982307,AAKO-4902,1/16/18 16:46,Compensation Summary - Level 1 Logic and configuration,Completed,Done,Spine,,8,,FirstBU,,,,,,,Lannister,Done,4/26/18 11:38,Lannister - Bandhavgarh.1,,,,Spine,,,,,,,,,,
Story,AAKO-5061,982306,AAKO-3976,1/16/18 16:46,Standard Guarantee Configuration  ,Open,,Spine,,8,,FirstBU,,,,,,,Lannister,,,Lannister - Bandhavgarh.3,,,,Spine,,,,,,,,,,
Story,AAKO-5060,982305,AAKO-4902,1/16/18 16:46,Compensation Summary -  Active or not Active  (A/N),Open,,Spine,,2,,FirstBU,,,,,,,Lannister,,,,,,,Spine,,,,,,,,,,
Story,AAKO-5059,982304,AAKO-4902,1/16/18 16:46,Finalize & Standardize the columns shown in existing test portal views for each metric type (X),Completed,Done,Spine,,8,,FirstBU,,,,,,,Lannister,Done,4/12/18 7:08,AAKO - Lannister -B'ghar.IP,,,,Spine,,,,,,,,,,
Story,AAKO-5058,982303,AAKO-3961,1/16/18 16:46,Compensation Summary - Data Week,Open,,ETH,,7,,Ethicon,MIT,,,,,,Lannister,,,,,,,ETH,,,,,,,,,,
Story,AAKO-5056,982301,AAKO-4902,1/16/18 16:46,Compensation Summary : Level 3 Metric Type Specific Columns - Portal Links,Open,,Spine,,8,,FirstBU,,,,,,,Lannister,,,Lannister - Bandhavgarh.3,,,,Spine,,,,,,,,,,
Story,AAKO-5054,981699,AAKO-4906,1/16/18 16:46,Compensation Summary - Semester Total Earnings @ WWID Lvl,Open,,ETH,,7,,Ethicon,,,,,,,Lannister,,,,,,,ETH,,,,,,,,,,
Story,AAKO-5053,981698,AAKO-4902,1/16/18 16:46,(JR) Compensation Summary - For Distributors ,Open,,Recon - Distributer,,7,,Joint_Recon_Distributor,,,,,,,Lannister,,,,,,,Recon - Distributer,,,,,,,,,,
Story,AAKO-5052,981697,AAKO-4906,1/16/18 16:45,"Aggregate Flat: Amount * Territory Coverage by wwid, Month ",Completed,Done,Spine,,5,,FirstBU,,,,,,,Lannister,Done,4/12/18 7:10,AAKO - Lannister -B'ghar.IP,,,,Spine,,,,,,,,,,
Story,AAKO-5051,981696,AAKO-4902,1/16/18 16:45,(Lvl 2) Compensation Summary - DPS Manager Component Information,Open,,,,7,,DPS,,,,,,,Lannister,,,,,,,Trauma,,,,,,,,,,
Story,AAKO-5050,981695,AAKO-4902,1/16/18 16:45,Compensation Summary - Start and End Date,Open,,Spine,,13,,FirstBU,,,,,,,Lannister,,,,,,,Spine,,,,,,,,,,
Story,AAKO-5048,981693,AAKO-4903,1/16/18 16:45,YTD and HTD Total Earnings @ Plan ,Open,,ETH,,7,,Ethicon,,,,,,,Lannister,,,,,,,ETH,,,,,,,,,,
Story,AAKO-5047,981692,AAKO-4903,1/16/18 16:45,YTD and HTD Attainment - Total Earning / Prorated target @ plan,Open,,ETH,,7,,Ethicon,,,,,,,Lannister,,,,,,,ETH,,,,,,,,,,
Story,AAKO-5046,981691,AAKO-4903,1/16/18 16:45,YTD and HTD Total Prorated Target Earnings @ Plan - Apply Proration,Open,,ETH,,7,,Ethicon,,,,,,,Lannister,,,,,,,ETH,,,,,,,,,,
Story,AAKO-5045,981690,AAKO-4903,1/16/18 16:45,YTD and HTD Attainment =Total Earnings / Prorated Target Earning @ Plan  ,Open,,ETH,,7,,Ethicon,,,,,,,Lannister,,,,,,,ETH,,,,,,,,,,
Story,AAKO-5044,981689,AAKO-4903,1/16/18 16:45,YTD and HTD Total Prorated Target  Earnings @ Plan - Entry Table ,Open,,ETH,,7,,Ethicon,,,,,,,Lannister,,,,,,,ETH,,,,,,,,,,
Story,AAKO-5043,981688,AAKO-4903,1/16/18 16:45,Common Mechanics-Aggregate YTD Total Earnings @ wwid,Completed,Done,Spine,,5,,FirstBU,,,,,,,Lannister,Done,2/27/18 10:18,AAKO - Lannister - Acadia.2,,,,Spine,,,,,,,,,,
Story,AAKO-5042,982223,AAKO-3983,1/16/18 16:45,Distributor Offices Need a Portal View,Open,,Recon - Distributer,,7,,Joint_Recon_Distributor,,,,,,,Stark,,,,,,,Recon - Distributer,,,,,,,,,,
Story,AAKO-5041,982222,AAKO-3983,1/16/18 16:44,Upload & Display Plan and Policy Document Section on FSO Portal,Completed,Done,Spine,,2,,DPS,FirstBU,,,,,,Stark,Done,4/24/18 8:58,Stark - Bandhavgarh.1,,,,Spine,,,,,,,,,,
Story,AAKO-5038,982218,AAKO-3983,1/16/18 16:37,Participant Plan Summary Report - Manager,Completed,Done,Spine,,5,,DPS,FirstBU,,,,,,Stark,Done,3/29/18 9:39,AAKO - Stark - Acadia.4,,,,Spine,,,AAKO-5037,,,,,,,
Story,AAKO-5037,982217,AAKO-3983,1/16/18 16:36,Participant Plan Summary Report - Rep,Completed,Done,Spine,,5,,DPS,FirstBU,,,,,,Stark,Done,3/29/18 9:39,AAKO - Stark - Acadia.4,,,,Spine,,,,,,,,,,
Story,AAKO-5036,982216,AAKO-3983,1/16/18 16:34,Internal and External report: Customers aligned to Participants,Open,,Spine,,5,,Acclarent,CNV,CSS,DPS,Ethicon,,,Stark,,,AAKO - Stark - C.1,,,,Spine,,,,,,,,,,
Story,AAKO-5033,982213,AAKO-3983,1/16/18 16:26,RANKING REPORT: DPS RM / AVP Totem Ranking Report,Open,,LastBu,,7,,DPS,LastBU,,,,,,Mormont,,,,,,,LastBu,,,AAKO-5025,,,,,,,
Story,AAKO-5032,982211,AAKO-3983,1/16/18 16:26,ETH RM / AVP Totem Ranking Report,Open,,ETH,,7,,Ethicon,,,,,,,Stark,,,,,,,ETH,,,AAKO-5029,,,,,,,
Story,AAKO-5031,982208,AAKO-3983,1/16/18 16:24,CSS RM / AVP Totem Ranking Report,Open,,CSS,,7,,CSS,LastBU,,,,,,Stark,,,,,,,CSS,,,AAKO-5030,,,,,,,
Story,AAKO-5030,982206,AAKO-3983,1/16/18 16:22,CSS Rep Totem Ranking Report,Open,,CSS,,7,,CSS,LastBU,,,,,,Stark,,,,,,,CSS,,,AAKO-5029,,,,,,,
Story,AAKO-5029,982205,AAKO-3983,1/16/18 16:22,ETH Rep Totem Ranking Report,Open,,ETH,,7,,Ethicon,,,,,,,Stark,,,,,,,ETH,,,AAKO-5025,,,,,,,
Story,AAKO-5028,982204,AAKO-3983,1/16/18 16:22,MD Elite Ranking Report - CSS,Open,,CSS,,7,,CSS,LastBU,,,,,,Stark,,,,,,,CSS,,,AAKO-5027,,,,,,,
Story,AAKO-5027,982203,AAKO-3983,1/16/18 16:21,MD Elite Ranking Report - ETH,Open,,ETH,,7,,Ethicon,,,,,,,Stark,,,,,,,ETH,,,AAKO-5026,,,,,,,
Story,AAKO-5026,982200,AAKO-3983,1/16/18 16:17,RANKING REPORT: MD Elite Ranking Report - DPS,Open,,LastBu,,7,,DPS,LastBU,,,,,,Mormont,,,,,,,LastBu,,,AAKO-5025,,,,,,,
Story,AAKO-5024,981998,AAKO-3983,1/16/18 16:14,Upload & Display Contest & Rankings Section on FSO Portal,Completed,Done,Spine,,2,,CSS,DPS,Ethicon,FirstBU,,,,Stark,Done,4/24/18 8:58,Stark - Bandhavgarh.1,,,,Spine,,,,,,,,,,
Story,AAKO-5020,981989,AAKO-3983,1/16/18 16:04,FSO Report: YTD Commission Earnings (SC),Open,,Spine,,7,,DPS,FirstBU,,,,,,Mormont,,,AAKO - Mormont - Bandhavgarh.3,,,,Spine,,,,,AAKO-4902,,,,,
Story,AAKO-5011,981928,AAKO-4889,1/16/18 13:51,Dual Commissions Sales - GEO Crediting,Open,,Trauma,,7,,Trauma,,,,,,,Targaryen,,,,,,,Trauma,,,,,AAKO-5391,,,,,
Story,AAKO-5010,981927,AAKO-4890,1/16/18 13:51,Inv ReAlignment #2 - Updates to Participant Crediting SD (End of Month)for Claiming,Completed,Done,Spine,,13,,FirstBU,,,,,,,Targaryen,Done,3/10/18 9:14,AAKO - Targaryen - Acadia.3,,,,Spine,,,,,,,,,,
Story,AAKO-5008,981925,AAKO-4889,1/16/18 13:51,Inv ReAlignment #2 Geography Crediting ED Alliance Updates,Open,,MIT,,7,,Ethicon,Mitek,,,,,,Targaryen,,,,,,,MIT,,,,,,,,,,
Story,AAKO-5007,981924,AAKO-4889,1/16/18 13:51,Inv ReAlignment #2 - Geography Crediting SD Alliance Updates,Completed,Done,Spine,,8,,FirstBU,,,,,,,Targaryen,Done,2/28/18 8:25,AAKO - Targaryen - Acadia.2,,,,Spine,,,,,,,,,,
Story,AAKO-4999,981916,AAKO-4886,1/16/18 13:51,Alliance Training Eligibility - (Need for CoSell),Open,,Trauma,,5,,Recon,Spine,Trauma,,,,,Targaryen,,,,,,,Trauma,,,,,,,,,,
Story,AAKO-4994,981911,AAKO-4885,1/16/18 13:50,Alliance Product Hierachy Maintenance  (Claim X-Bu),Open,,Trauma,,3,,Trauma,,,,,,,Targaryen,,,,,,,Trauma,,,,,AAKO-4935,,,,,
Story,AAKO-4993,981910,AAKO-4885,1/16/18 13:50,Alliance Entities,Completed,Done,Spine,,2,,FirstBU,,,,,,,Targaryen,Done,2/8/18 15:39,AAKO - Targaryen - Acadia.1,,,,Spine,,,,,,,,AAKO-5368,,
Story,AAKO-4990,981907,AAKO-4099,1/16/18 13:50,Testing: Int Alliance Tomofix - Mechanic - Sales * Rate ? Or Lead Generation TBD,Open,,MIT,,7,,Mitek,,,,,,,Targaryen,,,,,,,MIT,,,,,,,,,,
Story,AAKO-4986,981903,AAKO-4099,1/16/18 13:50,TESTING:  Ext Alliance - Pacira - CLAIMED Vials - Mechanic Sales * Rate,Open,,,,7,,Trauma,,,,,,,Targaryen,,,,,,,Trauma,,,,,,,,,,
Story,AAKO-4982,981799,AAKO-4099,1/16/18 13:50,TESTING: Ext Alliance Vivigen - Mechanic - Sales * Rate -  CLAIMED Sales,Open,,Trauma,,7,,Trauma,,,,,,,Targaryen,,,,,,,Trauma,,,,,AAKO-5010,,,,,
Story,AAKO-4962,981779,AAKO-4099,1/16/18 13:50,TESTING:  Int Alliance - Spine selling Ethicon -Mechanic - Mgmt Lead and Conversion,Open,,Trauma,,7,,Spine,,,,,,,Targaryen,,,,,,,Trauma,,,,,,,,,,
Story,AAKO-4960,981777,AAKO-4099,1/16/18 13:50,Int Alliance - Mechanic - WC Conversion,Open,,Trauma,,7,,Recon,Spine,Trauma,,,,,Targaryen,,,,,,,Trauma,,,,,,,,,,
Story,AAKO-4959,981776,AAKO-4099,1/16/18 13:50,TESTING: Int Alliance - Mechanic - WC Lead Generation,Open,,Trauma,,7,,Spine,,,,,,,Targaryen,,,,,,,Trauma,,,,,AAKO-4955,,,,,
Story,AAKO-4956,981773,AAKO-4099,1/16/18 13:50,Int Alliance - Mechanic - Surgiflo Conversion - New/Existing Customer logic,Open,,Trauma,,7,,Recon,Spine,Trauma,,,,,Targaryen,,,,,,,Trauma,,,,,,,,,,
Story,AAKO-4955,981772,AAKO-4099,1/16/18 13:50,Int Alliance - Configure Mechanic - Lead Generation,Open,,Trauma,,7,,Recon,Spine,Trauma,,,,,Targaryen,,,,,,,Trauma,,,,,AAKO-4025,,,,,
Story,AAKO-4954,981771,AAKO-4058,1/16/18 13:50,Int Alliance - Data Load//Integration Surgeon Conversion Approval - Surgiflo,Open,,Trauma,,7,,Recon,Spine,Trauma,,,,,Targaryen,,,,,,,Trauma,,,,,,,,,,
Story,AAKO-4944,981761,AAKO-4889,1/16/18 13:50,TESTING: Int Alliance - Ethicon - Credit XCM sales for subset of Customers  ,Open,,ETH,,7,,Ethicon,,,,,,,Targaryen,,,,,,,ETH,,,,,,,,,,
Story,AAKO-4936,981753,AAKO-4885,1/16/18 13:50,Ext Alliance (Generic) - Load to Harmonized External Alliance Product Master,Completed,Done,Spine,,5,,FirstBU,,,,,,,Targaryen,Done,2/14/18 12:30,AAKO - Targaryen - Acadia.1,,,,Spine,,,,,,,,AAKO-5376,AAKO-5378,
Story,AAKO-4934,981751,AAKO-4885,1/16/18 13:50,Ext Alliance - Generic Template for Manual load of Acct Xref ,Completed,Done,Spine,,8,,FirstBU,,,,,,,Targaryen,Done,2/14/18 15:37,AAKO - Targaryen - Acadia.1,,,,Spine,,,,,,,,AAKO-5377,AAKO-5375,
Story,AAKO-4924,981741,AAKO-4887,1/16/18 13:50,Lead Generation and Conversions -GEO Crediting for Teams,Open,,Trauma,,7,,Recon,Spine,Trauma,,,,,Targaryen,,,,,,,Trauma,,,,,AAKO-5490,AAKO-5225,,,,
Story,AAKO-4923,981740,AAKO-4888,1/16/18 13:50,"Setup Parameter -  New Component Variable:  requiring Lead, Account Activation, Conversion Approval",Open,,Trauma,,7,,Recon,Spine,,,,,,Targaryen,,,,,,,Trauma,,,,,,,,,,
Story,AAKO-4922,981739,AAKO-3983,1/16/18 13:50,Alliance - Expansion Category - View for Rep and Mgr to track new Quota Sales,Open,,Spine,,7,,DPS,,,,,,,Stark,,,AAKO - Stark - C.1,,,,Spine,,,,,,,,,,
Story,AAKO-4921,981738,AAKO-4887,1/16/18 13:50,Alliance  -  View Surgeon Conversions -  at GEO and WWID level,Open,,Trauma,,7,,Recon,Spine,Trauma,,,,,Targaryen,,,,,,,Trauma,,,,,,,,,,
Story,AAKO-4920,981737,AAKO-4887,1/16/18 13:50,Alliance  -  View Surgeon Leads - at GEO and WWID level,Open,,Trauma,,7,,Recon,Spine,Trauma,,,,,Targaryen,,,,,,,Trauma,,,,,,,,,,
Story,AAKO-4915,981732,AAKO-4886,1/16/18 13:50,Alliance - View Participant's Training Status - Internal Use,Open,,Trauma,,7,,Spine,,,,,,,Targaryen,,,,,,,Trauma,,,,,,,,,,
Story,AAKO-4914,981731,AAKO-4885,1/16/18 13:50,Alliance - Create Harmonized Customer Account Table  - Crosswalk,Completed,Done,Spine,,3,,FirstBU,,,,,,,Targaryen,Done,2/8/18 15:46,AAKO - Targaryen - Acadia.1,,,,Spine,,,,,,,,AAKO-5374,,
Story,AAKO-4912,981045,AAKO-3956,1/16/18 10:14,Upload Data to Spine LifeNet Crosswalk  ,Completed,Done,Spine,,5,,DPS,,,,,,,Targaryen,Done,3/27/18 15:23,AAKO - Targaryen - Acadia.4,,,,Spine,,,,,,,,,,
Story,AAKO-4883,975674,AAKO-2277,1/12/18 15:45,Data Validation Reporting: Participant Data Assurance,Open,,Spine,,3,,FirstBU,,,,,,,Mormont,,,AAKO - Mormont - Bandhavgarh.3,,,,Spine,,,AAKO-2567,,AAKO-2568,,,,,
Story,AAKO-4881,974990,AAKO-2277,1/12/18 9:19,AUDIT: ability to review an audit report that states all of the approvers for each workflow,Open,,Spine,,7,,FirstBU,,,,,,,Mormont,,,AAKO - Mormont - Bandhavgarh.4,,,,Spine,,,,,,,,,,
Story,AAKO-4880,974989,AAKO-2277,1/12/18 9:18,AUDIT: A document library housing all of the audit reports across all of our Payroll DCM SOX controls,Open,,Spine,,7,,FirstBU,,,,,,,Mormont,,,AAKO - Mormont - Bandhavgarh.4,,,,Spine,,,,,,,,,,
Story,AAKO-4879,974987,AAKO-2277,1/12/18 9:18,AUDIT: Ability to acknowledge the review of an audit report by clicking on a box,Open,,Spine,,7,,FirstBU,,,,,,,Mormont,,,AAKO - Mormont - Bandhavgarh.4,,,,Spine,,,,,,,,,,
Story,AAKO-4877,974977,AAKO-2277,1/12/18 8:50,"AUDIT: monthly ""Overrides"" Audit report prior to payroll submission",Open,,Spine,,7,,FirstBU,,,,,,,Mormont,,,AAKO - Mormont - Bandhavgarh.4,,,,Spine,,,,,,,,,,
Story,AAKO-4876,974975,AAKO-2277,1/12/18 8:50,AUDIT: Participant Management Audit Report,Open,,Spine,,7,,FirstBU,,,,,,,Mormont,,,AAKO - Mormont - Bandhavgarh.4,,,,Spine,,,,,,,,,,
Story,AAKO-4875,974972,AAKO-2277,1/12/18 8:50,AUDIT: monthly Quota Adjustment audit report which aggregates changes across all quota adjustment parameter tables,Open,,Spine,,7,,FirstBU,,,,,,,Mormont,,,AAKO - Mormont - Bandhavgarh.4,,,,Spine,,,,,,,,,,
Story,AAKO-4874,974970,AAKO-2277,1/12/18 8:49,approval workflow to approve the master data upload of all quota for a BU,Open,,Spine,,5,,FirstBU,,,,,,,Mormont,,,AAKO - Mormont - Bandhavgarh.3,,,,Spine,,,,,,,,,,
Story,AAKO-4873,974969,AAKO-2277,1/12/18 8:49,approval workflow to approve any quota adjustments prior to the system processing the adjustment,In Progress,,Spine,,8,,FirstBU,,,,,,,Mormont,,,AAKO - Mormont - Bandhavgarh.2,,,,Spine,,,,,,,,,,
Story,AAKO-4872,974968,AAKO-2277,1/12/18 8:48,AUDIT: Participant Payout Adjustments Audit Report,Open,,Spine,,7,,FirstBU,,,,,,,Mormont,,,AAKO - Mormont - Bandhavgarh.4,,,,Spine,,,,,,,,,,
Story,AAKO-4871,974967,AAKO-2277,1/12/18 8:48,an approval workflow to approve all earnings adjustments,In Progress,,Spine,,8,,FirstBU,,,,,,,Mormont,,,AAKO - Mormont - Bandhavgarh.2,,,,Spine,,,,,,,,,,
Story,AAKO-4869,974964,AAKO-2277,1/12/18 8:47,Shadow Hierarchy Audit Report ,Open,,Recon - Direct ,,7,,Joint_Recon_Distributor,,,,,,,Mormont,,,,,,,Recon - Direct ,,,,,,,,,,
Story,AAKO-4868,974963,AAKO-2277,1/12/18 8:47," AUDIT: Monthly Geo Management SOX Audit Report ""Geo Management Audit Report""",Open,,Spine,,7,,FirstBU,,,,,,,Mormont,,,AAKO - Mormont - Bandhavgarh.4,,,,Spine,,,,,,,,,,
Story,AAKO-4867,974961,AAKO-2277,1/12/18 8:47,"AUDIT: Annual SOX audit report ""Inclusion/Exclusion Sales Inputs.""  ",Open,,Spine,,7,,FirstBU,,,,,,,Mormont,,,,,,,Spine,,,,,,,,,,
Story,AAKO-4848,972592,AAKO-4820,1/10/18 12:45,Individual UCN Workflow,Open,,,,7,,Ethicon,,,,,,,Stark,,,,,,,ETH,,,,,,,,,,
Story,AAKO-4844,972587,AAKO-4820,1/10/18 12:41,Individual Customer to Geography Validations,Open,,,,7,,Ethicon,,,,,,,Stark,,,,,,,ETH,,,,,,,,,,
Story,AAKO-4843,972585,AAKO-4820,1/10/18 12:40,Shadow Hierarchy Validations,Open,,Recon - Direct ,,7,,Joint_Recon_Direct,Joint_Recon_Distributor,,,,,,Stark,,,,,,,Recon - Direct ,,,,,,,,,,
Story,AAKO-4842,972584,AAKO-3958,1/10/18 12:36,Zip to Geography Validations,Open,,,,7,,Mitek,,,,,,,Stark,,,,,,,MIT,,,,,,,,,,
Story,AAKO-4836,972551,AAKO-3971,1/10/18 11:15,Zip Quota Adjustment,Open,,,,7,,Mitek,,,,,,,Stark,,,,,,,MIT,,,,,,,,,,
Story,AAKO-4832,972332,AAKO-4906,1/10/18 10:07,"Portal Updates to Earning Views for True-Up, Release % and $Cap  (3 of 3) - Variable Comp Earnings",Completed,Done,Spine,,5,,FirstBU,,,,,,,Lannister,Done,2/10/18 10:01,AAKO - Lannister - Acadia.1,,,,Spine,,,AAKO-4075,,AAKO-859,,,,,
Story,AAKO-4621,951482,AAKO-3987,12/18/17 17:34,Staging/Payment History Story8:  Develop Close Period Process (including posting to Payment History tables),Open,,Spine,,8,,FirstBU,,,,,,,Lannister,,,Lannister - Bandhavgarh.4,,,,Spine,,,,,,,,,,
Story,AAKO-4620,951481,AAKO-3987,12/18/17 17:33,Staging/Payment History Story7:  Develop Staging Process (stories 1-6 are predecessors),Open,,Spine,,8,,FirstBU,,,,,,,Lannister,,,Lannister - Bandhavgarh.4,,,,Spine,,,,,,,,,,
Story,AAKO-4619,951480,AAKO-3987,12/18/17 17:32,Staging/Payment History Story6:  Create Staging & Payment History tables for Payment tables and reporting,Open,,Spine,,3,,FirstBU,,,,,,,Lannister,,,Lannister - Bandhavgarh.4,,,,Spine,,,,,,,,,,
Story,AAKO-4618,951479,AAKO-3987,12/18/17 17:31,Staging/Payment History Story5:  Create Staging & Payment History tables for Earnings Reporting,Open,,Spine,,3,,FirstBU,,,,,,,Lannister,,,Lannister - Bandhavgarh.4,,,,Spine,,,,,,,,,,
Story,AAKO-4617,951478,AAKO-3987,12/18/17 17:31,Staging/Payment History Story4:  Create Staging & Payment History tables for ICM/Earnings,Open,,Spine,,3,,FirstBU,,,,,,,Lannister,,,Lannister - Bandhavgarh.4,,,,Spine,,,,,,,,,,
Story,AAKO-4616,951476,AAKO-3987,12/18/17 17:30,Staging/Payment History Story3:  Create Staging & Payment History tables for Pre-ICM,Open,,Spine,,5,,FirstBU,,,,,,,Lannister,,,Lannister - Bandhavgarh.4,,,,Spine,,,,,,,,,,
Story,AAKO-4615,951475,AAKO-3987,12/18/17 17:29,Staging/Payment History Story2: Create Staging & Payment History tables for Ppt Crediting,Open,,Spine,,2,,FirstBU,,,,,,,Lannister,,,Lannister - Bandhavgarh.4,,,,Spine,,,,,,,,,,
Story,AAKO-4614,951474,AAKO-3987,12/18/17 17:27,Staging/Payment History Story1: Create Staging & Payment History tables for Geo Crediting,Open,,Spine,,2,,FirstBU,,,,,,,Lannister,,,Lannister - Bandhavgarh.4,,,,Spine,,,,,,,,,,
Story,AAKO-4613,951472,AAKO-3987,12/18/17 17:24,"Staging Roster by BU, Plan WWID",Open,,Spine,,8,,FirstBU,,,,,,,Lannister,,,Lannister - Bandhavgarh.4,,,,Spine,,,,,,,,,,
Story,AAKO-4612,951471,AAKO-3989,12/18/17 17:23,"Roster: Apply BU, Plan, and PPT level Roster in Participant Quota Crediting",In Progress,,Spine,,8,,FirstBU,,,,,,,Lannister,,,Lannister - Bandhavgarh.2,,,,Spine,,,,,,,,,,
Story,AAKO-4611,951469,AAKO-3989,12/18/17 17:22,"Roster: Apply BU, Plan, and PPT level Roster in Participant Sales Crediting",In Progress,,Spine,,13,,FirstBU,,,,,,,Lannister,,,Lannister - Bandhavgarh.1,Lannister - Bandhavgarh.2,,,Spine,,,,,,,,,,
Story,AAKO-4609,951466,AAKO-3989,12/18/17 17:18,"Roster: Apply BU, Plan, and PPT level Roster in ICM",Open,,Spine,,5,,FirstBU,,,,,,,Lannister,,,Lannister - Bandhavgarh.3,,,,Spine,,,,,,,,,,
Story,AAKO-4608,951465,AAKO-3989,12/18/17 17:15,"Roster: Apply BU, Plan, and PPT level Roster in Pre-ICM",Open,,Spine,,13,,FirstBU,,,,,,,Lannister,,,Lannister - Bandhavgarh.3,,,,Spine,,,,,,,,,,
Story,AAKO-4607,951464,AAKO-3989,12/18/17 17:14,"(8) Roster:Creation and Management for Roster at BU, Plan, and WWID level for Pre-ICM, ICM, and Payment processing",Completed,Done,Spine,,13,,FirstBU,,,,,,,Lannister,Done,3/27/18 8:21,AAKO - Lannister - Acadia.4,,,,Spine,,,,,,,,,,
Story,AAKO-4604,951040,AAKO-3977,12/18/17 11:51,Mechanics - JnJ Draw - Recoup,Completed,Done,Spine,,3,,FirstBU,,,,,,,Lannister,Done,3/15/18 8:34,AAKO - Lannister - Acadia.3,,,,Spine,,,,,,,,,,
Story,AAKO-4493,936167,AAKO-22,12/7/17 15:08,(JR) Rolling YTD - Impact to Component Adjustments ,Open,,Recon - Distributer,,5,,Joint_Recon_Distributor,,,,,,,Lannister,,,,,,,Recon - Distributer,,,,,,,,,,
Story,AAKO-4492,936158,AAKO-4906,12/7/17 15:03,(JR) Rolling YTD - Impact to True-Up,Open,,Recon - Distributer,,5,,Joint_Recon_Distributor,,,,,,,Lannister,,,,,,,Recon - Distributer,,,,,,,,,,
Story,AAKO-4491,936140,AAKO-4906,12/7/17 14:57,(JR) Rolling YTD - Impact to Eligibility ,Open,,Recon - Distributer,,5,,Joint_Recon_Distributor,,,,,,,Lannister,,,,,,,Recon - Distributer,,,,,,,,,,
Story,AAKO-4418,932022,AAKO-4885,12/6/17 9:40,Foundation - SPN Lifenet Product Hierarchy Validation (Manual Upload),Open,,Spine,,3,,Spine,,,,,,,Targaryen,,,AAKO-Targaryen - Bandhavgarh.3,,,,Spine,,,,,,,,AAKO-4580,,
Story,AAKO-4389,930044,AAKO-4906,12/5/17 9:24,(JR) Recon - YTD Rolling Commission  ,Open,,Recon - Distributer,,7,,Joint_Recon_Distributor,,,,,,,Lannister,,,,,,,Recon - Distributer,,,,,,,,,,
Story,AAKO-4358,922097,AAKO-4906,11/30/17 13:46,Apply Adjustments - Sales/Quota/PY/Baseline (Participant),Open,,Spine,,8,,FirstBU,,,,,,,Lannister,,,Lannister - Bandhavgarh.3,,,,Spine,,,,,,,,,,
Story,AAKO-4328,919790,AAKO-4906,11/29/17 12:48,(JR) [Place Holder] For each rolling 12-month mechanic that needs to be built,Open,,Recon - Distributer,,7,,Joint_Recon_Distributor,,,,,,,Lannister,,,,,,,Recon - Distributer,,,,,,,,,,
Story,AAKO-4327,919787,AAKO-3962,11/29/17 12:47,(JR) Modify existing SD flow to include rolling 12-month selection and crediting,Open,,Recon - Direct ,,13,,Joint_Recon_Direct,,,,,,,Lannister,,,,,,,Recon - Direct ,,,,,,,,,,
Story,AAKO-4226,902321,AAKO-4903,11/17/17 16:53,Off-Cycle Payout - YTD Plan paid on non-quarter period. Off-Cycle: Calculate Earnings with Sales Transactions,Open,,LastBu,,7,,LastBU,,,,,,,Lannister,,,,,,,LastBu,,,,,,,,,,
Story,AAKO-4225,902317,AAKO-4901,11/17/17 16:29,Netting:  Final Payment - Components that By Pass Total Earnings Due,Completed,Done,Spine,,5,,FirstBU,,,,,,,Lannister,Done,4/25/18 4:50,Lannister - Bandhavgarh.1,,,,Spine,,,,,AAKO-4224,,,,,
Story,AAKO-4223,902312,AAKO-3976,11/17/17 16:11,Guarantee: Never Exceed YTD Guarantee or YTD Earnings @ WWID Level,Completed,Done,Spine,,13,,FirstBU,,,,,,,Lannister,Done,2/28/18 17:51,AAKO - Lannister - Acadia.2,,,,Spine,,,,,,,,,,
Story,AAKO-4188,899109,AAKO-4903,11/15/17 17:04,Payout  - Ability to pay on Off-Cycle schedule  Off-Cycle:  No Transaction Updates -  Component and non-comp adjustments,Open,,LastBu,,7,,LastBU,,,,,,,Lannister,,,,,,,LastBu,,,,,,,,,,
Story,AAKO-4187,898999,AAKO-23,11/15/17 16:46,Parameter Validations:  AdHoc Job - Warnings to Prevent job failures ,Open,,Spine,,8,,Spine,,,,,,,Stark,,,AAKO - Targaryen- Sprint 13,,,,Spine,,,,,,,,,,
Story,AAKO-4186,898976,AAKO-3976,11/15/17 16:15,Guarantee: Rolling PTD with Final Period True-Up @ Component lelel,Open,,Recon - Distributer,,7,,Joint_Recon_Distributor,,,,,,,Lannister,,,,,,,Recon - Distributer,,,,,,,,,,
Story,AAKO-4184,898968,AAKO-4906,11/15/17 16:04,(JR) [PLACE HOLDER] Configure Mechanic:   Recon Direct Growth Net Territories together,Open,,Recon - Direct ,,13,,Joint_Recon_Direct,,,,,,,Lannister,,,,,,,Recon - Direct ,,,,,,,,,,
Story,AAKO-4123,886788,AAKO-4906,11/8/17 14:31,(JR) [PLACE HOLDER] Configure Mechanic: Growth over Baseline Rolling Year - Recon Distributor ,Open,,Recon - Distributer,,7,,Joint_Recon_Distributor,,,,,,,Lannister,,,,,,,Recon - Distributer,,,,,,,,,,
Story,AAKO-4092,876473,AAKO-3961,11/2/17 15:17,Set Data Week to all Transactions ,Open,,ETH,,7,,Ethicon,,,,,,,Stark,,,,,,,ETH,,,,,,,,,,
Story,AAKO-4073,873586,AAKO-3981,11/1/17 9:47,algn: Routine Workflow Sync Job  ,Open,,ETH,Spine,7,,FirstBU,,,,,,,Stark,,,,,,,ETH,,,,,,,,,,
Story,AAKO-4027,861416,AAKO-4058,10/26/17 10:52,Load Co-Sell UCN_LEGACY_XREF to Raw/INP tables,Open,,Recon - Direct ,,3,,Recon,,,,,,,Targaryen,,,,,,,Recon - Direct ,,,AAKO-4026,,,,,,,
Story,AAKO-4026,861414,AAKO-4058,10/26/17 10:50,Automated Feed - Load Co-Sell ACCT_XREF to Raw/INP tables,Open,,Trauma,,3,,Spine,,,,,,,Targaryen,,,,,,,Trauma,,,AAKO-4025,,,,,,,
Story,AAKO-4025,861411,AAKO-4058,10/26/17 10:48,Load Co-Sell Lead Generation to Raw/INP tables,Completed,Done,Spine,,3,,FirstBU,,,,,,,Targaryen,Done,2/13/18 15:38,AAKO - Targaryen - Acadia.1,,,,Spine,,AAKO-5526,AAKO-4024,,,,,AAKO-5488,AAKO-5487,AAKO-5583
Story,AAKO-4024,861410,AAKO-4058,10/26/17 10:47,Auto - Load Co-Sell Training to Raw/INP tables,Completed,Done,Spine,,3,,FirstBU,,,,,,,Targaryen,Done,2/13/18 14:21,AAKO - Targaryen - Acadia.1,,,,Spine,,,,,,,,AAKO-5371,AAKO-5583,AAKO-5370
Story,AAKO-4023,861404,AAKO-4058,10/26/17 10:40,Load Co-Sell Input files into OPTYMYZE Archive folders,Open,,Trauma,,3,,Spine,,,,,,,Targaryen,,,,,,,Trauma,,,,,,,,,,
Story,AAKO-3913,850230,AAKO-3981,10/19/17 14:16,Participant Commission Rate Tool - Entry and Approval Views,Completed,Done,Spine,,13,,DPS,FirstBU,,,,,,Stark,Done,2/15/18 14:57,AAKO - Stark - Acadia.1,,,,Spine,,,,,,,,,,
Story,AAKO-3911,849981,AAKO-3962,10/19/17 12:49,(JR) [PLACEHOLDER]  Recon Salesman Transaction Charge Backs ,Open,,Recon - Distributer,,7,,Joint_Recon_Distributor,,,,,,,Lannister,,,,,,,Recon - Distributer,,,,,,,,,,
Story,AAKO-3864,846415,AAKO-4099,10/17/17 17:10,Expansion Category RM and AVP - Setup Parameter,Open,,Spine,,3,,DPS,,,,,,,Targaryen,,,AAKO-Targaryen - Bandhavgarh.2,,,,Spine,,,,,AAKO-434,,,,,
Story,AAKO-3781,822360,AAKO-3982,10/10/17 11:25,Create Portal View(s) for Effective Date Prior Year,Open,,Spine,,7,,FirstBU,,,,,,,Stark,,,,,,,Spine,,,,,,,,,,
Story,AAKO-3659,794708,AAKO-3982,9/25/17 15:02,[PLACEHOLDER] - Participant Assignment Warning Validation,Open,,,,7,,DPS,,,,,,,Mormont,,,,,,,Spine,,,,,,,,,,
Story,AAKO-3508,757709,AAKO-4058,9/5/17 9:46,Update Internal/External Alliance - WWID level Compensation Upload ,Completed,Done,Spine,,5,,FirstBU,,,,,,,Targaryen,Done,4/25/18 13:32,AAKO-Targaryen - Bandhavgarh.1,,,,Spine,,,,,,,,,,
Story,AAKO-3425,747490,AAKO-3962,8/29/17 17:28,Crediting Impact to Product Specialist /Customer Share Exception,Open,,Trauma,,7,,LastBU,,,,,,,Targaryen,,,,,,,Trauma,,,,,,,,,,
Story,AAKO-3299,730627,AAKO-3963,8/18/17 16:21,Invoice Realignment Overrides Parameter Mass Upload,Open,,Trauma,,8,,Mentor,Mitek,,,,,,Targaryen,,,,,,,Trauma,,,,,,,,,,
Story,AAKO-3258,726250,AAKO-3970,8/16/17 9:17,Add Rep Type to Component Set-up for Quotas,Open,,,,7,,Ethicon,,,,,,,Stark,,,,,,,ETH,,,,,,,,,,
Story,AAKO-3240,723724,AAKO-3983,8/15/17 8:40,Portal View - FSO Rep,Completed,Done,Spine,,8,,DPS,FirstBU,,,,,,Stark,Done,2/26/18 14:55,AAKO - Stark - Acadia.2,,,,Spine,,,,,,,,,,
Story,AAKO-3216,719308,AAKO-4900,8/11/17 10:07,Final Pay Adjustment  @ wwid - Entry table ,Completed,Done,Spine,,5,,FirstBU,,,,,,,Lannister,Done,3/23/18 10:46,AAKO - Lannister - Acadia.4,,,,Spine,,,,,,,,,,
Story,AAKO-3213,717673,AAKO-4906,8/10/17 12:56,(JR) Sales Grouping - TASR - Customers removed from Base and Growth   - REC,Open,,Recon - Distributer,,13,,Joint_Recon_Distributor,,,,,,,Lannister,,,,,,,Recon - Distributer,,,,,,,,,,
Story,AAKO-3170,714041,AAKO-4906,8/8/17 17:59,Participant Salary and Exp Allowance - Parameter Table - Data Load and Maintenance (not JnJ Draw) ,Completed,Done,Spine,,3,,DPS,,,,,,,Lannister,Done,2/13/18 20:31,AAKO - Lannister - Acadia.1,,,,Spine,,,,,,,,,,
Story,AAKO-3101,702121,AAKO-3283,8/2/17 14:45,Duplicate Sales Remove/Clean - Ethicon Indirect Kit,Open,,ETH,,2,,Ethicon,,,,,,,Stark,,,,,,,ETH,,,AAKO-3100,,,,,,,
Story,AAKO-3046,695344,AAKO-3989,7/28/17 13:35,Support WWID Changes - Distributor to Direct  - WWID Swap List,Open,,Recon - Direct ,,7,,Recon,,,,,,,Targaryen,,,,,,,Recon - Direct ,,,,,,,,,,
Story,AAKO-2956,671709,AAKO-3965,7/14/17 8:42,Streamlining Compensation Plans app,Completed,Done,Spine,,7,,,,,,,,,Lannister,Done,2/2/18 13:14,,,,,Spine,,,,,,,,,,
Story,AAKO-2926,667674,AAKO-3965,7/12/17 6:17,Streamlining crediting - Inclusion of a new metric type,Completed,Done,Spine,,7,,,,,,,,,Lannister,Done,2/2/18 13:15,,,,,Spine,,,,,,,,,,
Story,AAKO-2870,659007,AAKO-3970,7/5/17 15:40,Quota Add/Update: Zip Monthly Quotas,Open,,,,8,,Mitek,,,,,,,Stark,,,,,,,MIT,,,AAKO-2868,,,,,,,
Story,AAKO-2868,658793,AAKO-3970,7/5/17 14:34,Quota Add/Update: Customer Monthly Quotas,Open,,Spine,,8,,FirstBU,,,,,,,Targaryen,,,AAKO-Targaryen - Bandhavgarh.3,,,,Spine,,,,,,,,,,
Story,AAKO-2569,609424,AAKO-2277,6/1/17 16:56,Data Validation Reporting: Customer Data Assurance,Open,,Spine,,3,,FirstBU,,,,,,,Mormont,,,AAKO - Mormont - Bandhavgarh.3,,,,Spine,,,,,AAKO-2568,,,,,
Story,AAKO-2568,609423,AAKO-2277,6/1/17 16:54,Data Validation Reporting: Product Data Assurance,Open,,Spine,,5,,FirstBU,,,,,,,Mormont,,,AAKO - Mormont - Bandhavgarh.3,,,,Spine,,,,,,,,,,
Story,AAKO-2567,609422,AAKO-2277,6/1/17 16:50,Data Validation Reporting: Daily Duplicate Different Days Reporting Assurance,Open,,ETH,,7,,ASP,Ethicon,,,,,,Stark,,,,,,,ETH,,,,,,,,,,
Story,AAKO-2566,609420,AAKO-2277,6/1/17 16:48,Data Validation Reporting: Daily Duplicate Reporting Assurance,Open,,ETH,,7,,ASP,Ethicon,,,,,,Stark,,,,,,,ETH,,,,,,,,,,
Story,AAKO-2559,609408,AAKO-3981,6/1/17 16:30,Inquiry Workflow: Requestor Form for Payments Received,Open,,ETH,,5,,ETH,,,,,,,Stark,,,,,,,ETH,,,,,,,,,,
Story,AAKO-2558,609407,AAKO-3981,6/1/17 16:28,Inquiry Workflow: Requestor Form for Plan or Performance,Open,,ETH,,3,,ETH,,,,,,,Stark,,,,,,,ETH,,,,,,,,,,
Story,AAKO-2557,609405,AAKO-3981,6/1/17 16:25,Inquiry Workflow:  Requester Form for Alignment (Deployment: Customer-Geography) ,Open,,ETH,,5,,ETH,,,,,,,Stark,,,,,,,ETH,,,,,,,,,,
Story,AAKO-2556,608898,AAKO-3981,6/1/17 16:18,Inquiry Workflow: Requester Form for Governance,Open,,ETH,,5,,ETH,,,,,,,Stark,,,,,,,ETH,,,,,,,,,,
Story,AAKO-2180,558350,AAKO-3956,4/26/17 18:28,Create a mechanism to override pricing or quantity on a sales invoice line record at crediting,Open,,ETH,,7,,ETH,,,,,,,Mormont,,,,,,,ETH,,,,,,,,,,
Story,AAKO-1900,523437,AAKO-5361,4/3/17 10:30,Non-Automated Interface - Manual Sales Loading: Approval Routing,Open,,Spine,,8,,Spine,,,,,,,Mormont,,,AAKO - Mormont - Bandhavgarh.3,,,,Spine,,,,,,,,,,
Story,AAKO-1899,523436,AAKO-4106,4/3/17 10:30,Non-Automated Interface - Manual Sales Loading: Summary Validations,Open,,Spine,,7,,FirstBU,,,,,,,Mormont,,,,,,,Spine,,,,,,,,,,
Story,AAKO-1828,490077,AAKO-3961,3/27/17 17:22,Compensation Job - Set Data Week,Open,,ETH,,7,,Ethicon,MIT,,,,,,Lannister,,,,,,,ETH,,,,,,,,,,
Story,AAKO-1712,472812,AAKO-3981,3/14/17 17:36,Visualization App: Query Multiple Data Elements for Sales Investigations,Open,,ETH,Spine,7,,2019BP,,,,,,,Stark,,,,,,,ETH,,,,,,,,,,
Story,AAKO-1711,472810,AAKO-3981,3/14/17 17:17,Inquiry Workflow: Requester Form For Field Sales Transactions Inquiries,Open,,ETH,,5,,ETH,,,,,,,Stark,,,,,,,ETH,,,,,,,,,,
Story,AAKO-1710,472809,AAKO-3283,3/14/17 17:11,Provide Table Containing Kit Bill of Materials: Ethicon,Open,,ETH,,8,,Ethicon,,,,,,,Stark,,,,,,,ETH,AAKO-1047,,,,,,,,,
Story,AAKO-1626,467002,AAKO-4906,3/9/17 14:17,Mechanics: Quota Attainment on payout Table -  testing story,Completed,Done,Spine,,3,,Spine,,,,,,,Lannister,Done,3/28/18 16:24,AAKO - Lannister - Acadia.4,,,,Spine,AAKO-536,,,,AAKO-4495,,,,,
Story,AAKO-1477,444597,AAKO-3981,2/21/17 17:39,Inquiry Workflow: User Interface Form - Repository Claiming & Delegation,Open,,ETH,,13,,ETH,,,,,,,Stark,,,,,,,ETH,,,,,,,,,,
Story,AAKO-1455,437791,AAKO-3966,2/16/17 15:11,[PLACEHOLDER] Participant to Geography Validation Enhancement,Open,,Spine,,3,,FirstBU,,,,,,,Targaryen,,,,,,,Spine,,,,,,,,,,
Story,AAKO-1410,435210,AAKO-4890,2/15/17 10:05,[TESTING] Sales Grouping -  LifeNet Late Sales ,Open,,Spine,,7,,Spine,,,,,,,Targaryen,,,,,,,Spine,,,,,AAKO-5448,,,,,
Story,AAKO-1368,361294,AAKO-4906,2/10/17 7:50,Compensation Summary - Probationary Status,Open,,ETH,,7,,Ethicon,,,,,,,Lannister,,,,,,,ETH,,,,,,,,,,
Story,AAKO-1367,361286,AAKO-4902,2/10/17 7:45,Compensation Summary - ( # of Days or Weeks) ,Open,,ETH,,7,,Ethicon,,,,,,,Lannister,,,,,,,ETH,,,,,,,,AAKO-138,,
Story,AAKO-1300,349309,AAKO-3982,1/31/17 12:00,Portal View - All Sales Transactions,Completed,Done,Spine,,8,,2019BP,DPS,,,,,,Stark,Done,3/13/18 19:28,AAKO - Stark - Acadia.3,,,,Spine,,,,,,,,,,
Story,AAKO-1299,349305,AAKO-3283,1/31/17 11:53,Add Crediting Invoice to Harmonized Sales Table,Open,,Spine,,3,,FirstBU,,,,,,,Mormont,,,,,,,Spine,,,,,,,,,,
Story,AAKO-1217,337990,AAKO-3958,1/23/17 14:03,Interface Summary SOX/Error Report,Open,,Spine,,7,,CSS,DPS,ETH,,,,,Mormont,,,,,,,Spine,,,,,,,,,,
Story,AAKO-1191,335708,AAKO-4902,1/20/17 11:30,Compensation Summary - Level 2 - @ component,Completed,Done,Spine,,5,,FirstBU,,,,,,,Lannister,Done,4/19/18 17:00,Lannister - Bandhavgarh.1,,,,Spine,,,,,AAKO-591,,,,,
Story,AAKO-1123,326193,AAKO-3957,1/13/17 13:42,Ethicon Sales - Order of Exclusion/Validations.,Open,,,,7,,Ethicon,,,,,,,Stark,,,,,,,ETH,,,,,,,,,,
Story,AAKO-990,312831,AAKO-3982,12/27/16 9:08,Participant Plan Summary Report - Internal Analysts,In Progress,,Spine,,5,,DPS,,,,,,,Stark,,,Stark - Bandhavgarh.2,,,,Spine,,,,,,,,,,
Story,AAKO-886,309624,AAKO-3981,12/20/16 14:28,Review & Approve Payments-Payment Approval (SOX?),Open,,Spine,,7,,FirstBU,,,,,,,Mormont,,,AAKO - Mormont - Bandhavgarh.4,,,,Spine,,,,,,,,,,
Story,AAKO-885,309622,AAKO-4901,12/20/16 14:26,Common Mechanics-Final Payment ,Completed,Done,Spine,,5,,FirstBU,,,,,,,Lannister,Done,4/25/18 4:51,Lannister - Bandhavgarh.1,,,,Spine,,,,,,,,,,
Story,AAKO-883,309616,AAKO-4899,12/20/16 14:24,(13) Mechanics-Carry Forward Negative Earnings (-Previous Balance),Completed,Done,Spine,,8,,FirstBU,,,,,,,Lannister,Done,3/27/18 15:22,AAKO - Lannister - Acadia.4,,,,Spine,,,,,,,,,,
Story,AAKO-879,309610,AAKO-3976,12/20/16 14:17,Guarantee - FLAT mechanic,Completed,Done,Spine,,13,,FirstBU,,,,,,,Lannister,Done,2/27/18 10:20,AAKO - Lannister - Acadia.2,,,,Spine,,,,,,,,,,
Story,AAKO-877,309606,AAKO-3984,12/20/16 14:15,Incentive Compensation Statement - APB,Open,,ETH,,7,,Ethicon,,,,,,,Stark,,,,,,,ETH,,,,,,,,,,
Story,AAKO-875,309602,AAKO-4903,12/20/16 14:13,Common Mechanics-Aggregate Total Earnings Due @ wwid  ,Completed,Done,Spine,,13,,FirstBU,,,,,,,Lannister,Done,2/14/18 15:00,AAKO - Lannister - Acadia.1,,,,Spine,,,,,,,,,,
Story,AAKO-856,309557,AAKO-4099,12/20/16 13:37,Ext Alliance Evicel - Mechanic - Units * Rate for eligible participants,Open,,Recon - Direct ,,7,,Recon,,,,,,,Targaryen,,,,,,,Recon - Direct ,,,,,,,,,,
Story,AAKO-804,152944,AAKO-3983,12/16/16 11:47,FSO Mgr View - Quota Sales and Attainment - Quota Attainment by Participant,In Progress,,Spine,,8,,DPS,FirstBU,,,,,,Stark,,,Stark - Bandhavgarh.2,,,,Spine,,,,,,,,,,
Story,AAKO-798,152936,AAKO-3982,12/16/16 11:32,Quota Reporting  (Internal)-Data Views-Participants ,Open,,Spine,,7,,Spine,,,,,,,Mormont,,,,,,,Spine,,,,,,,,,,
Story,AAKO-759,151342,AAKO-4906,12/15/16 14:07,Adjustments - Sales/Quota/PY/Baseline and Earnings (Participant) - Parameter Entry ,Open,,Spine,,5,,FirstBU,,,,,,,Lannister,,,Lannister - Bandhavgarh.2,,,,Spine,,,,,,,,,,
Story,AAKO-755,151272,AAKO-3965,12/15/16 10:29,Validation - Setup/Validate Payment Parameters - Generic - Participant to Plan    ,Open,,Spine,,7,,FirstBU,,,,,,,Lannister,,,,,,,Spine,,,,,,,,,,
Story,AAKO-648,144224,AAKO-3984,12/7/16 11:02,"IC Statements 	- Archival",Open,,Spine,,7,,FirstBU,Spine,,,,,,Stark,,,Stark - Bandhavgarh.4,,,,Spine,,,,,,,,,,
Story,AAKO-647,144097,AAKO-3984,12/7/16 10:33,IC Statements - Comp Admin,Open,,Spine,,3,,FirstBU,Spine,,,,,,Stark,,,Stark - Bandhavgarh.4,,,,Spine,,,,,,,,,,
Story,AAKO-646,144094,AAKO-3984,12/7/16 10:30,IC Statements - Sales Mgr,Open,,Spine,,3,,FirstBU,Spine,,,,,,Stark,,,Stark - Bandhavgarh.4,,,,Spine,,,,,,,,,,
Story,AAKO-645,144091,AAKO-3984,12/7/16 10:26,IC Statements - Sales Rep,Open,,Spine,,3,,FirstBU,Spine,,,,,,Stark,,,Stark - Bandhavgarh.4,,,,Spine,,,,,,,,,,
Story,AAKO-600,142663,AAKO-3983,12/5/16 13:50,CPD - Template for My Progress Report (Sales Mgr View),Completed,Done,Spine,,8,,Spine,,,,,,,Stark,Done,3/1/18 13:23,AAKO - Stark - Acadia.2,,,,Spine,,,,,,,,,,
Story,AAKO-598,142650,AAKO-3982,12/5/16 13:34,YEPA,Open,,ETH,,7,,ETH,,,,,,,Mormont,,,,,,,ETH,,,,,,,,,,
Story,AAKO-596,142648,AAKO-5333,12/5/16 13:29,Financial Projection,Open,,Spine,,7,,LastBU,Spine,,,,,,Mormont,,,,,,,Spine,,,,,,,,,,
Story,AAKO-595,142647,AAKO-5333,12/5/16 13:27,Budget Report,Open,,ETH,,7,,Ethicon,,,,,,,Mormont,,,,,,,ETH,,,,,,,,,,
Story,AAKO-594,142639,AAKO-5333,12/5/16 13:13,Accruals ,Open,,Spine,,7,,FirstBU,Spine,,,,,,Mormont,,,,,,,Spine,,,,,,,,,,
Story,AAKO-592,142168,AAKO-3983,12/5/16 11:01,All Aligned Sales Transactions - DTP,Completed,Done,Spine,,8,,DPS,FirstBU,,,,,,Stark,Done,3/28/18 10:37,AAKO - Stark - Acadia.4,,,,Spine,,,,,,,,,,
Story,AAKO-591,142166,AAKO-4902,12/5/16 10:55,Compensation Summary - Level 1 - @ wwid,Completed,Done,Spine,,2,,FirstBU,,,,,,,Lannister,Done,4/19/18 17:00,Lannister - Bandhavgarh.1,,,,Spine,,,,,,,,,,
Story,AAKO-444,124380,AAKO-4906,11/15/16 17:25,Mechanics - Advance - Flat,Completed,Done,Spine,,13,,FirstBU,,,,,,,Lannister,Done,2/27/18 10:16,AAKO - Lannister - Acadia.2,,,,Spine,,,,,AAKO-443,,,,,
Story,AAKO-443,124379,AAKO-3977,11/15/16 17:24,Mechanics - Advance - Variable Recoup,Completed,Done,Spine,,5,,FirstBU,,,,,,,Lannister,Done,3/15/18 8:34,AAKO - Lannister - Acadia.3,,,,Spine,,,,,,,,,,
Story,AAKO-435,122897,AAKO-4886,11/11/16 12:33,Setup/Validate Payment Parameters - Product - Training Requirements,Open,,Trauma,,3,,Spine,,,,,,,Targaryen,,,,,,,Trauma,,,,,,,,,,
Story,AAKO-434,122883,AAKO-4099,11/11/16 11:41,Quota Attainment: REP level Core + Expansion Category -(Aggregate Exp Sales)  ,Open,,Spine,,13,,DPS,,,,,,,Targaryen,,,AAKO-Targaryen - Bandhavgarh.2,,,,Spine,,,,,AAKO-3508,AAKO-6314,,,,
Story,AAKO-418,122169,AAKO-4906,11/10/16 15:47,Configure Mechanics - Vacancy A (Flat) - Testing Story ,Completed,Done,Spine,,5,,FirstBU,,,,,,,Lannister,Done,2/14/18 13:58,AAKO - Lannister - Acadia.1,,,,Spine,,,,,,,,,,
Story,AAKO-414,122085,AAKO-4906,11/10/16 14:31,Configure Mechanics - Vacancy B ( Sales * Rate) ,Completed,Done,Spine,,13,,FirstBU,,,,,,,Lannister,Done,3/15/18 8:39,AAKO - Lannister - Acadia.3,,,,Spine,,,,,,,,,,
Story,AAKO-413,122069,AAKO-4099,11/10/16 14:21,Configure Mechanics: Crediting - Dual Commission - Don't Double Pay ,Open,,Trauma,,7,,CMF,Spine,Trauma,,,,,Targaryen,,,,,,,Trauma,,,,,,,,,,
Story,AAKO-399,120029,AAKO-3965,11/8/16 10:35,Validation - Report - Automated Crediting,Open,,Spine,,7,,FirstBU,,,,,,,Lannister,,,,,,,Spine,,,,,,,,,,
Story,AAKO-398,120025,AAKO-3958,11/8/16 10:26,Report - Crediting Validation ,Open,,Spine,,7,,,,,,,,,Stark,,,,,,,Spine,,,,,,,,,,
Story,AAKO-362,119427,AAKO-3976,11/7/16 13:01,Setup/Validate Payment Parameters - Generic -Guarantee,Completed,Done,Spine,,13,,FirstBU,,,,,,,Lannister,Done,2/9/18 14:54,AAKO - Lannister - Acadia.1,,,,Spine,,,,,,,,,,
Story,AAKO-313,117541,AAKO-3979,11/4/16 15:25,Review & Approve Payments - Create  1099 Payroll File,Open,,Spine,,7,,FirstBU,,,,,,,Lannister,,,Lannister - C1,,,,Spine,,,,,,,,,,
Story,AAKO-300,116851,AAKO-3979,11/3/16 15:34,Review & Approve Payments - Create Wage Payroll File,Open,,Spine,,7,,FirstBU,,,,,,,Lannister,,,Lannister - C1,,,,Spine,,,,,,,,,,
Story,AAKO-299,116850,AAKO-4906,11/3/16 15:32,Compensation Summary - PPP or Staging Date ,Open,,Spine,,7,,FirstBU,,,,,,,Lannister,,,,,,,Spine,,,,,,,,,,
Story,AAKO-298,116849,AAKO-3989,11/3/16 15:29,Roster selection,Open,,LastBu,,7,,Joint_Recon_Direct,Joint_Recon_Distributor,,,,,,Lannister,,,,,,,LastBu,,,,,,,,,,
Story,AAKO-192,104865,AAKO-3983,10/19/16 20:27,Comp Analyst: Loading Portal Announcements,In Progress,,Spine,,8,,DPS,FirstBU,,,,,,Stark,,,Stark - Bandhavgarh.2,,,,Spine,,,,,,,,,,
Story,AAKO-190,104908,AAKO-3982,10/19/16 15:54,Internal And External Report - OneJJMD Alignment Roster by Participant,Open,,Spine,,8,,FirstBU,Spine,,,,,,Stark,,,AAKO - Stark - C.1,,,,Spine,,,,,,,,,,
Story,AAKO-162,102735,AAKO-4903,10/18/16 9:15,Common Payment Process - Terminated Participants,Open,,Spine,,8,,FirstBU,,,,,,,Lannister,,,Lannister - Bandhavgarh.3,,,,Spine,,,,,,,,,,
Story,AAKO-139,101880,AAKO-3964,10/17/16 9:47,"DATA, DTP - Address overrides and multi-locations",Completed,Done,Spine,,5,,spine,,,,,,,Stark,Done,4/12/18 7:27,AAKO - Stark - Acadia.IP,,,,Spine,,,,,,,,,,
Story,AAKO-110,100040,AAKO-4906,10/12/16 14:34,Participant Open Territory Coverage - Add flag,Completed,Done,Spine,,3,,FirstBU,,,,,,,Lannister,Done,3/15/18 8:38,AAKO - Lannister - Acadia.3,,,,Spine,,,,,,,,,,
Story,AAKO-104,100008,AAKO-3964,10/12/16 14:06,POR - Participant Address Edit,Completed,Done,Spine,,5,,FirstBU,,,,,,,Stark,Done,4/12/18 7:27,AAKO - Stark - Acadia.IP,,,,Spine,AAKO-1974,,,,,,,,,
Story,AAKO-100,99771,AAKO-3987,10/12/16 10:22,Reports - Line Item Commission Earnings (Distributors) ,Open,,Trauma,,7,,DPS,,,,,,,Mormont,,,,,,,Trauma,,,,,,,,,,