Issue Type,Issue key,Issue id,Updated,Custom field (Epic Link),Created,Summary,Status,Resolution,Affects Version/s,Affects Version/s,Custom field (Story Points),Custom field (Epic Name),Labels,Labels,Labels,Labels,Labels,Labels,Labels,Component/s,Component/s,Custom field (Issue Resolution),Resolved,Sprint,Sprint,Custom field (Begin Date),Custom field (End Date),Fix Version/s,Outward issue link (Blocks),Outward issue link (Child-Issue),Outward issue link (Cloners),Outward issue link (Defect),Outward issue link (Dependent),Outward issue link (Dependent),Outward issue link (Gantt: finish-start),Outward issue link (Relates),Outward issue link (Relates),Outward issue link (Relates)
Story,AAKO-7359,1431898,17/May/18 10:24 AM,AAKO-3983,16/May/18 11:10 AM,Job creation for ad hoc comp statements,Open,,Spine,,,,Spine,,,,,,,Stark,,,,Stark - Bandhavgarh.4,,,,Spine,,,AAKO-7022,,,,,,,
Story,AAKO-7351,1425654,14/May/18 7:43 PM,AAKO-3977,14/May/18 5:53 PM,JnJ Draw missing Component Earning Adjustment,Open,,Spine,,,,Spine,,,,,,,Targaryen,,,,,,,,Spine,,,,,,,,,,
Story,AAKO-7338,1424288,14/May/18 10:23 AM,,14/May/18 10:14 AM,Detective/Audit Reporting - Portal Setup (Drill-Throughs/Links),Open,,Spine,,8.0,,FirstBU,Spine,,,,,,Mormont,,,,AAKO - Mormont - Bandhavgarh.4,,,,Spine,,,,,,,,,,
Story,AAKO-7336,1423992,14/May/18 9:19 AM,AAKO-2277,14/May/18 9:12 AM,Preventative Approvals - Harmonized  Announcement & Email Notifications,Open,,Spine,,,,Spine,,,,,,,Mormont,,,,,,,,Spine,,,,,,,,,,
Story,AAKO-7056,1413688,15/May/18 7:43 PM,AAKO-3983,09/May/18 12:36 PM,B.2 - Complete Portal View Testing for Remaining Internal Analyst Views,In Progress,,Spine,,2.0,,Spine,,,,,,,Stark,,,,Stark - Bandhavgarh.3,,,,Spine,,,AAKO-7021,,,,,,,
Story,AAKO-7036,1410727,14/May/18 9:15 AM,AAKO-2277,08/May/18 3:00 PM,Detective Reporting/Approvals - Approval Workflow & Notifications,Open,,Spine,,,,Spine,,,,,,,Mormont,,,,,,,,Spine,,,,,,,,,,
Story,AAKO-7028,1405815,11/May/18 8:45 AM,AAKO-3968,07/May/18 4:44 PM,Quota Kicker - Year-End Sales>= Quota Bonus w/ 40% H1 Advance,Open,,MIT,,,,Mitek,,,,,,,Lannister,,,,,,,,MIT,,,,,,,,,,
Story,AAKO-7026,1404630,10/May/18 2:41 PM,AAKO-3983,07/May/18 10:48 AM,B.4 Updates & Enhancements,Open,,Spine,,,,Spine,,,,,,,Stark,,,,AAKO - Stark - C.1,,,,Spine,,,AAKO-7022,,,,,,,
Story,AAKO-7022,1398773,17/May/18 11:13 AM,AAKO-3983,04/May/18 10:33 AM,B.3 Updates & Enhancements,Open,,Spine,,3.0,,Spine,,,,,,,Stark,,,,Stark - Bandhavgarh.4,,,,Spine,,,AAKO-7021,,,,,,,
Story,AAKO-7021,1398772,15/May/18 7:42 PM,AAKO-3983,04/May/18 10:31 AM,B.2 Updates & Enhancements,In Progress,,Spine,,5.0,,Spine,,,,,,,Stark,,,,Stark - Bandhavgarh.3,,,,Spine,,,AAKO-6310,,,,,,,
Story,AAKO-7020,1397021,14/May/18 9:30 AM,,04/May/18 1:21 AM,Data Uploads - RAW Portal View + Remap Post: PRM-Zip to Geography,Open,,Spine,,2.0,,,,,,,,,Mormont,,,,,,,,Spine,,,AAKO-7016,,,,,,,
Story,AAKO-7019,1397020,14/May/18 9:30 AM,,04/May/18 1:21 AM,Data Uploads - RAW Portal View + Remap Post: PRM-Shadow Hierarchy,Open,,Spine,,2.0,,,,,,,,,Mormont,,,,,,,,Spine,,,AAKO-7016,,,,,,,
Story,AAKO-7018,1397019,14/May/18 9:30 AM,,04/May/18 1:21 AM,Data Uploads - RAW Portal View + Remap Post: PRM-Plan to Components,Open,,Spine,,2.0,,,,,,,,,Mormont,,,,,,,,Spine,,,AAKO-7016,,,,,,,
Story,AAKO-7017,1397018,14/May/18 9:30 AM,,04/May/18 1:20 AM,Data Uploads - RAW Portal View + Remap Post: PRM-Participant to Plan,Open,,Spine,,2.0,,,,,,,,,Mormont,,,,,,,,Spine,,,AAKO-7016,,,,,,,
Story,AAKO-7016,1397017,14/May/18 9:30 AM,,04/May/18 1:19 AM,Data Uploads - RAW Portal View + Remap Post: PRM-Geography Master,Open,,Spine,,2.0,,,,,,,,,Mormont,,,,,,,,Spine,,,AAKO-7014,,,,,,,
Story,AAKO-7015,1397016,14/May/18 9:30 AM,,04/May/18 1:18 AM,Data Uploads - RAW Portal View + Remap Post: PRM-Geo Hierarchy,Open,,Spine,,2.0,,,,,,,,,Mormont,,,,,,,,Spine,,,AAKO-7014,,,,,,,
Story,AAKO-7014,1397014,14/May/18 9:30 AM,,04/May/18 1:18 AM,Data Uploads - RAW Portal View + Remap Post: PRM-Customer to Geo Individual,Open,,Spine,,2.0,,,,,,,,,Mormont,,,,,,,,Spine,,,AAKO-7013,,,,,,,
Story,AAKO-7013,1397013,14/May/18 9:30 AM,,04/May/18 1:16 AM,Data Uploads - RAW Portal View + Remap Post: PRM-Customer to Geography,Open,,Spine,,2.0,,,,,,,,,Mormont,,,,,,,,Spine,,,,,,,,,,
Story,AAKO-6998,1393332,08/May/18 10:15 AM,AAKO-3963,02/May/18 2:27 PM,Standard View for DPY and SYN to show the Sales with Surgeon ,Open,,Spine,,3.0,,Spine,,,,,,,Targaryen,,,,AAKO-Targaryen - C1,,,,Spine,,,,,,,,,,
Story,AAKO-6997,1392096,15/May/18 7:43 PM,AAKO-3982,02/May/18 10:30 AM,participant sales EDPY DTP,In Progress,,Spine,,5.0,,PI-B,,,,,,,Stark,,,,Stark - Bandhavgarh.3,,,,Spine,,,,,,,,,,
Story,AAKO-6994,1390263,09/May/18 9:54 AM,AAKO-28,01/May/18 1:46 PM,Participant -Dynamically credit Full Prior Year Sales for future months at processing month alignment,Open,,Spine,,,,,,,,,,,Lannister,,,,Lannister - C2,,,,Spine,,,,,,,,,,
Story,AAKO-6993,1390251,04/May/18 1:25 AM,AAKO-28,01/May/18 1:18 PM,Analyst View of Full Year Quota (With YTD Attainment) ,Open,,Spine,,,,Spine,,,,,,,Mormont,,,,,,,,Spine,,,,,AAKO-6697,AAKO-6990,,,,
Story,AAKO-6992,1390246,15/May/18 10:33 AM,AAKO-28,01/May/18 1:10 PM,GEO Dynamically credit quota for future months at processing month alignment (ED),Open,,MIT,,5.0,,ETH,MIT,,,,,,Targaryen,,,,,,,,MIT,,,,,,,,,,
Story,AAKO-6991,1390244,02/May/18 9:13 AM,AAKO-28,01/May/18 1:09 PM,Participant Credit quota for future months at processing month alignment (ED),Open,,MIT,,,,ETH,MIT,,,,,,Lannister,,,,,,,,MIT,,,,,AAKO-6992,,,,,
Story,AAKO-6990,1390243,10/May/18 1:25 PM,AAKO-28,01/May/18 1:07 PM,Participant Credit quota for future months at processing month alignment (SD),Open,,Spine,,,,Spine,,,,,,,Lannister,,,,Lannister - C2,,,,Spine,,,,,AAKO-6697,,,,,
Story,AAKO-6988,1389535,08/May/18 10:30 AM,AAKO-3963,01/May/18 11:16 AM,[PLACEHOLDER]  Apply changes needed post Invoice Number Harmonization,Open,,Spine,,3.0,,FirstBU,,,,,,,Targaryen,,,,,,,,Spine,,,,,AAKO-1299,AAKO-5987,,,,
Story,AAKO-6980,1389314,01/May/18 9:16 AM,AAKO-28,01/May/18 9:12 AM,Dynamically credit ZipCode quota for future months at processing month alignment,Open,,MIT,,,,MIT,,,,,,,Targaryen,,,,,,,,MIT,,,,,AAKO-6697,,,,,
Story,AAKO-6815,1376486,24/Apr/18 1:34 PM,AAKO-3968,24/Apr/18 1:32 PM,Extremity Specialist - True Up and Proration update (AAKO-415),Open,,Trauma,,,,,,,,,,,Targaryen,,,,,,,,Trauma,,,,,AAKO-415,AAKO-4638,,,,
Story,AAKO-6753,1374979,09/May/18 6:16 PM,AAKO-3963,24/Apr/18 8:34 AM,Update Invoice Realignment to Cancel and Realign in Closed Periods  ,Completed,Done,Spine,,8.0,,PI-B,Spine,,,,,,Targaryen,,Done,09/May/18 6:16 PM,AAKO-Targaryen - Bandhavgarh.2,,,,Spine,,,,,,,,,,
Story,AAKO-6750,1374007,25/Apr/18 9:45 AM,AAKO-22,23/Apr/18 2:15 PM,Zipcode Level Sales Adjustments ,Open,,MIT,,,,,,,,,,,Targaryen,,,,,,,,MIT,,,,,,,,,,
Story,AAKO-6749,1373385,24/Apr/18 8:02 AM,AAKO-3958,23/Apr/18 1:34 PM,Exceptions for Customer to Geography Primary Flag ,Open,,Trauma,,,,,,,,,,,Targaryen,,,,,,,,Trauma,,,,,AAKO-5991,,,,,
Story,AAKO-6715,1367462,26/Apr/18 11:44 AM,AAKO-3983,19/Apr/18 9:57 AM,B.1 Updates & Enhancements (pt 1),Completed,Done,Spine,,2.0,,Spine,,,,,,,Stark,,Done,26/Apr/18 11:44 AM,Stark - Bandhavgarh.1,,,,Spine,,,AAKO-6310,,,,,,,
Story,AAKO-6714,1366220,18/Apr/18 4:12 PM,AAKO-3983,18/Apr/18 4:10 PM,CPD: Earnings Drill Down Details for Growth: Sales Up To Baseline * Rate,Open,,MIT,,,,MIT,,,,,,,Stark,,,,,,,,MIT,,,AAKO-5129,,,,,,,
Story,AAKO-6713,1365630,18/Apr/18 2:04 PM,AAKO-4889,18/Apr/18 1:33 PM,Variable Comp: Load Recon Sales for inclusion in VC,Open,,Trauma,,,,DPS,,,,,,,Targaryen,,,,,,,,Trauma,,,,,,,,,,
Story,AAKO-6697,1362443,03/May/18 9:53 AM,AAKO-28,17/Apr/18 3:11 PM,Dynamically credit quota for future months at processing month alignment (SD),Open,,Spine,,5.0,,PI-B,Spine,,,,,,Targaryen,,,,AAKO-Targaryen - Bandhavgarh.4,,,,Spine,,,AAKO-6695,,,,,,,
Story,AAKO-6695,1362439,17/May/18 9:33 AM,AAKO-3983,17/Apr/18 2:53 PM,Need Report showing Full-year Quota & Baseline,Open,,Spine,,,,Spine,,,,,,,Stark,,,,AAKO - Stark - C.1,,,,Spine,,,,,,,,,,
Story,AAKO-6691,1361901,26/Apr/18 11:42 AM,,17/Apr/18 11:01 AM,Update Archival process for current progress dashboard sales & Quota,Completed,Done,Spine,,5.0,,Spine,,,,,,,Stark,,Done,26/Apr/18 11:42 AM,Stark - Bandhavgarh.1,,,,Spine,,,,,,,,,,
Story,AAKO-6683,1358291,18/Apr/18 11:25 AM,,16/Apr/18 10:16 AM,Internal Impersonation Ability - Sync up Read-Only Portal Views before Spine Go-Live,Open,,Spine,,,,FirstBU,,,,,,,Mormont,,,,,,,,Spine,,,,,,,,,,
Story,AAKO-6680,1358042,16/May/18 7:54 AM,AAKO-3984,16/Apr/18 8:38 AM,Statements - PAID Table setup (Lannister),Completed,Done,Spine,,3.0,,PI-B,Spine,,,,,,Stark,,Done,16/May/18 7:54 AM,Stark - Bandhavgarh.3,,,,Spine,,,,,,,,,,
Story,AAKO-6401,1349441,16/May/18 6:26 AM,AAKO-22,11/Apr/18 3:46 PM,[TESTING] Customer Sales Adjustment  - Participant SD Crediting Regression,Completed,Done,Spine,,5.0,,DPS,PI-B,,,,,,Targaryen,,Done,16/May/18 6:26 AM,AAKO-Targaryen - Bandhavgarh.2,AAKO-Targaryen - Bandhavgarh.3,,,Spine,,,,,,,,,,
Story,AAKO-6400,1349438,08/May/18 8:37 AM,AAKO-22,11/Apr/18 3:39 PM,Create Customer Sales Adjustments - Update SD Crediting Process ,Completed,Done,Spine,,3.0,,DPS,PI-B,,,,,,Targaryen,,Done,08/May/18 8:37 AM,AAKO-Targaryen - Bandhavgarh.2,,,,Spine,,,,,,,,,,
Story,AAKO-6399,1349435,25/Apr/18 4:19 PM,AAKO-22,11/Apr/18 3:35 PM,Create Customer Sales Adjustments - Select Customer Adj - Post for Deltas  SD,Completed,Done,Spine,,5.0,,DPS,,,,,,,Targaryen,,Done,25/Apr/18 4:19 PM,AAKO-Targaryen - Bandhavgarh.1,,,,Spine,,,,,AAKO-6179,,,,,
Story,AAKO-6398,1349431,16/May/18 5:27 PM,AAKO-22,11/Apr/18 3:29 PM,Update to GEO Sales Load - Force Product,Open,,Spine,,2.0,,DPS,PI-B,,,,,,Targaryen,,,,AAKO-Targaryen - Bandhavgarh.4,,,,Spine,,,,,,,,,,
Story,AAKO-6397,1349425,08/May/18 10:35 AM,AAKO-22,11/Apr/18 3:24 PM,Create Customer Sales Adjustments - Mtn & Process Adjustment Prod Hierarchy,Open,,Spine,,8.0,,DPS,,,,,,,Targaryen,,,,,,,,Spine,,,,,,,,,,
Story,AAKO-6377,1344790,23/Apr/18 12:19 PM,AAKO-4099,10/Apr/18 1:38 PM,Expansion Category RM and AVP Impact -Release Sales at EOY,Open,,Trauma,,,,DPS,,,,,,,Targaryen,,,,,,,,Trauma,,,,,AAKO-3864,AAKO-6376,,,,
Story,AAKO-6376,1344782,11/May/18 10:43 AM,AAKO-4099,10/Apr/18 1:34 PM,Expansion Category RM and AVP Impact - Roll-Up Sales and View Progress to add to VC- Analyst View,Open,,Spine,,5.0,,DPS,PI-B,,,,,,Targaryen,,,,AAKO-Targaryen - Bandhavgarh.3,,,,Spine,,,,,AAKO-3864,,,,,
Story,AAKO-6375,1344764,23/Apr/18 12:19 PM,AAKO-4099,10/Apr/18 1:25 PM,Quota Attainment: REP Level Core + Expansion Category  (EOY Add Sales to Core),Open,,Trauma,,,,DPS,,,,,,,Targaryen,,,,,,,,Trauma,,,,,AAKO-434,,,,,
Story,AAKO-6334,1331571,23/Apr/18 12:28 PM,AAKO-3958,05/Apr/18 9:58 AM,Customer to Geography Primary Flag - Ethicon Process  (4),Open,,ETH,,13.0,,Ethicon,,,,,,,Targaryen,,,,,,,,ETH,,,,,AAKO-5991,AAKO-6332,,,,
Story,AAKO-6333,1331562,17/May/18 8:29 AM,AAKO-3958,05/Apr/18 9:55 AM,Customer to Geography Primary Flag - SOX ,In Progress,,Spine,,5.0,,PI-B,Spine,,,,,,Targaryen,,,,AAKO-Targaryen - Bandhavgarh.3,,,,Spine,,,,,AAKO-5991,,,,,
Story,AAKO-6332,1331553,16/May/18 2:32 PM,AAKO-3958,05/Apr/18 9:49 AM,Customer to GEO Primary Flag Workflow,Open,,Spine,,8.0,,PI-B,Spine,,,,,,Targaryen,,,,AAKO-Targaryen - Bandhavgarh.4,,,,Spine,,,,,AAKO-5991,,,,,
Story,AAKO-6324,1326883,14/May/18 10:34 AM,AAKO-2277,04/Apr/18 1:47 PM,an approval workflow to approve all prior year sales adjustments,Open,,Spine,,8.0,,FirstBU,PI-B,,,,,,Mormont,,,,,,,,Spine,,,AAKO-4871,,,,,,,
Story,AAKO-6323,1326882,16/May/18 9:55 AM,AAKO-2277,04/Apr/18 1:46 PM,an approval workflow to approve all Payment Adjustments,Completed,Done,Spine,,8.0,,FirstBU,PI-B,,,,,,Mormont,,Done,16/May/18 9:55 AM,AAKO - Mormont - Bandhavgarh.3,,,,Spine,,,AAKO-4871,,,,,,,
Story,AAKO-6322,1326881,14/May/18 10:33 AM,AAKO-2277,04/Apr/18 1:45 PM,an approval workflow to approve all Sales Adjustments,Open,,Spine,,8.0,,FirstBU,PI-B,,,,,,Mormont,,,,AAKO - Mormont - Bandhavgarh.4,,,,Spine,,,AAKO-4871,,,,,,,
Story,AAKO-6320,1327214,26/Apr/18 11:43 AM,AAKO-3983,04/Apr/18 1:20 PM,Build Process to for Uploading Documents and Visibility in Portal,Completed,Done,Spine,,13.0,,DPS,FirstBU,,,,,,Stark,,Done,26/Apr/18 11:43 AM,Stark - Bandhavgarh.1,,,,Spine,,,AAKO-5041,,,,,,,
Story,AAKO-6314,1326955,20/Apr/18 9:41 AM,AAKO-4099,04/Apr/18 12:27 PM,Expansion Category:  Setup Parameters to link Exp Component to Quota Component,Completed,Done,Spine,,5.0,,FirstBU,,,,,,,Targaryen,,Done,20/Apr/18 9:41 AM,AAKO-Targaryen - Bandhavgarh.1,,,,Spine,,,,,,,,,,
Story,AAKO-6310,1325269,07/May/18 11:32 AM,AAKO-3983,04/Apr/18 10:55 AM,B.1 Updates & Enhancements (pt 2) - Invoice Realignment,Completed,Done,Spine,,3.0,,Spine,,,,,,,Stark,,Done,07/May/18 11:32 AM,Stark - Bandhavgarh.2,,,,Spine,,,AAKO-6204,,,,,,,
Story,AAKO-6307,1322950,24/Apr/18 6:41 PM,AAKO-4889,03/Apr/18 4:13 PM,Map Synthes Territory ID to DePuy Geography + Add UCN,Completed,Done,Spine,,8.0,,FirstBU,,,,,,,Targaryen,,Done,24/Apr/18 6:41 PM,AAKO-Targaryen - Bandhavgarh.1,,,,Spine,,,,,,,,,,
Story,AAKO-6233,1312718,12/Apr/18 7:11 AM,AAKO-4906,29/Mar/18 9:05 AM,Improving Portal Processing Time ,Completed,Done,Spine,,13.0,,spine,,,,,,,Lannister,,Done,12/Apr/18 7:11 AM,AAKO - Lannister -B'ghar.IP,,,,Spine,,,,,,,,,,
Story,AAKO-6208,1305746,15/May/18 5:27 PM,AAKO-16,27/Mar/18 12:11 PM,Enable ability to Inactivate WWID to Summary Records,Open,,Trauma,,,,DPS,,,,,,,Lannister,,,,,,,,Trauma,,,,,,,,,,
Story,AAKO-6207,1306201,06/Apr/18 11:26 AM,AAKO-3963,27/Mar/18 11:06 AM,Enhance Inv Realignment History,Completed,Done,Spine,,3.0,,FirstBU,,,,,,,Targaryen,,Done,06/Apr/18 11:26 AM,AAKO - Targaryen - Acadia.IP,,,,Spine,,,,,,,,,,
Story,AAKO-6205,1301997,26/Apr/18 9:20 AM,AAKO-4902,26/Mar/18 9:07 AM,Finalize & Standardize the columns shown in existing test portal views for each metric type (Y),Completed,Done,Spine,,8.0,,FirstBU,,,,,,,Lannister,,Done,26/Apr/18 9:20 AM,Lannister - Bandhavgarh.1,,,,Spine,,,,,,,,,,
Story,AAKO-6204,1301695,26/Apr/18 11:36 AM,AAKO-3983,26/Mar/18 7:59 AM,Field Portal - A.4 Updates & Enhancements,Completed,Done,Spine,,8.0,,Spine,,,,,,,Stark,,Done,26/Apr/18 11:36 AM,Stark - Bandhavgarh.1,,,,Spine,,,AAKO-5993,,,,,,,
Story,AAKO-6198,1298962,28/Mar/18 1:25 PM,AAKO-3963,23/Mar/18 9:38 AM,Prevent Invoice Realignment to upper hierarchy levels,Completed,Done,Spine,,5.0,,,,,,,,,Targaryen,,Done,28/Mar/18 1:25 PM,AAKO - Targaryen - Acadia.4,,,,Spine,,,,,,,,,,
Story,AAKO-6183,1296442,11/May/18 10:36 AM,AAKO-3963,22/Mar/18 10:40 AM,Upload Inv Realignment @ Invoice / Graft ID level including GEO,Open,,Spine,,13.0,,FirstBU,PI-B,,,,,,Targaryen,,,,AAKO-Targaryen - Bandhavgarh.3,,,,Spine,,,,,,,,,,
Story,AAKO-6182,1294424,27/Mar/18 5:42 PM,AAKO-4885,21/Mar/18 1:55 PM,"FIX - Enable ""SPN Lifenet Customer Crosswalk"" to receive new records",Completed,Done,Spine,,5.0,,FirstBU,,,,,,,Targaryen,,Done,27/Mar/18 5:42 PM,AAKO - Targaryen - Acadia.4,,,,Spine,,,,,,,,,,
Story,AAKO-6179,1292759,24/Apr/18 6:18 PM,AAKO-22,20/Mar/18 6:47 PM,Create Customer Sales Adjustments - Create Load Process,Completed,Done,Spine,,5.0,,FirstBU,,,,,,,Targaryen,,Done,24/Apr/18 6:18 PM,AAKO-Targaryen - Bandhavgarh.1,,,,Spine,,,,,,,,,,
Story,AAKO-6177,1289296,28/Mar/18 1:24 PM,AAKO-3963,19/Mar/18 5:55 PM,Non-Editable Historic view of Invoice Realignments,Completed,Done,Spine,,1.0,,FirstBU,,,,,,,Targaryen,,Done,28/Mar/18 1:24 PM,AAKO - Targaryen - Acadia.4,,,,Spine,,,,,,,,,,
Story,AAKO-6167,1285922,14/May/18 10:30 AM,AAKO-3963,16/Mar/18 2:22 PM,AUDIT: Invoice Realignment SOX Compliance Audit Report,Open,,Spine,,,,FirstBU,PI-B,,,,,,Mormont,,,,,,,,Spine,,,,,,,,,,
Story,AAKO-6166,1285154,26/Apr/18 11:36 AM,AAKO-3983,16/Mar/18 9:56 AM,DART Update: Inclusion of JDE AB Number columns & cross-reference link,Completed,Done,Spine,,13.0,,FirstBU,,,,,,,Stark,,Done,26/Apr/18 11:36 AM,Stark - Bandhavgarh.1,,,,Spine,,,,,,,,,,
Story,AAKO-6087,1282710,29/Mar/18 9:39 AM,AAKO-3983,15/Mar/18 11:20 AM,Enhancement Placeholder - all align Sales Transaction - DTP (Delta Logic) Part 5 ,Completed,Done,Spine,,5.0,,FirstBU,,,,,,,Stark,,Done,29/Mar/18 9:39 AM,AAKO - Stark - Acadia.4,,,,Spine,,,AAKO-6086,,,,,,,
Story,AAKO-6086,1282709,29/Mar/18 9:39 AM,AAKO-3983,15/Mar/18 11:20 AM,Enhancement Placeholder - all align Sales Transaction - DTP (Delta Logic) Part 4 ,Completed,Done,Spine,,5.0,,FirstBU,,,,,,,Stark,,Done,29/Mar/18 9:39 AM,AAKO - Stark - Acadia.4,,,,Spine,,,AAKO-6085,,,,,,,
Story,AAKO-6085,1282707,23/Mar/18 4:00 PM,AAKO-3983,15/Mar/18 11:19 AM,Enhancement Placeholder - all align Sales Transaction - DTP (Delta Logic) Part 3 ,Completed,Done,Spine,,5.0,,FirstBU,,,,,,,Stark,,Done,23/Mar/18 4:00 PM,AAKO - Stark - Acadia.4,,,,Spine,,,AAKO-6084,,,,,,,
Story,AAKO-6084,1282706,23/Mar/18 3:55 PM,AAKO-3983,15/Mar/18 11:19 AM,Enhancement Placeholder - all align Sales Transaction - DTP (Delta Logic) Part 2 ,Completed,Done,Spine,,5.0,,FirstBU,,,,,,,Stark,,Done,23/Mar/18 3:55 PM,AAKO - Stark - Acadia.4,,,,Spine,,,AAKO-5992,,,,,,,
Story,AAKO-5998,1282002,28/Mar/18 9:49 AM,AAKO-4906,15/Mar/18 8:20 AM,Apply Primary Geo flag to Component Earnings Adjustment process,Completed,Done,Spine,,13.0,,Spine,,,,,,,Lannister,,Done,28/Mar/18 9:49 AM,AAKO - Lannister - Acadia.4,,,,Spine,,,,,,,,,,
Story,AAKO-5996,1281878,23/Mar/18 10:44 AM,AAKO-4906,15/Mar/18 8:02 AM,Draw calculations Update for Mid-month start/end scenarios,Completed,Done,Spine,,5.0,,FirstBU,,,,,,,Lannister,,Done,23/Mar/18 10:44 AM,AAKO - Lannister - Acadia.4,,,,Spine,,,,,,,,,,
Story,AAKO-5993,1280680,27/Mar/18 3:11 PM,AAKO-3983,14/Mar/18 3:19 PM,Field Portal - A.3 Updates & Enhancements,Completed,Done,Spine,,1.0,,Spine,,,,,,,Stark,,Done,27/Mar/18 3:11 PM,AAKO - Stark - Acadia.4,,,,Spine,,,AAKO-5948,,,,,,,
Story,AAKO-5992,1276350,23/Mar/18 3:55 PM,AAKO-3983,13/Mar/18 2:35 PM,Enhancement Placeholder - all align Sales Transaction - DTP (Delta Logic) Part 1 ,Completed,Done,Spine,,5.0,,FirstBU,,,,,,,Stark,,Done,23/Mar/18 3:55 PM,AAKO - Stark - Acadia.4,,,,Spine,,,,,,,,,,
Story,AAKO-5991,1274048,25/Apr/18 4:11 PM,AAKO-3958,12/Mar/18 4:51 PM,Customer to Geography Primary Flag - MainStory Portal View / Bulk Upload,Completed,Done,Spine,,5.0,,Spine,,,,,,,Targaryen,,Done,25/Apr/18 4:11 PM,AAKO-Targaryen - Bandhavgarh.1,,,,Spine,,,,,,,,,,
Story,AAKO-5989,1269893,28/Mar/18 2:50 PM,AAKO-3963,09/Mar/18 3:09 PM,View and Mtn (Cancel) Previously Realigned Invoices,Completed,Done,Spine,,13.0,,FirstBU,,,,,,,Targaryen,,Done,28/Mar/18 2:50 PM,AAKO - Targaryen - Acadia.4,,,,Spine,,,,,AAKO-5778,,,,,
Story,AAKO-5954,1262478,24/Apr/18 8:38 PM,AAKO-3983,06/Mar/18 3:05 PM,Upload & Display Payout Calendars Section on FSO Portal,Completed,Done,Spine,,1.0,,CSS,DPS,Ethicon,FirstBU,,,,Stark,,Done,24/Apr/18 8:38 PM,Stark - Bandhavgarh.1,,,,Spine,,,AAKO-5953,,,,,,,
Story,AAKO-5953,1262477,24/Apr/18 8:38 PM,AAKO-3983,06/Mar/18 3:04 PM,Upload & Display Communication Documents Section on FSO Portal,Completed,Done,Spine,,1.0,,CSS,DPS,Ethicon,FirstBU,,,,Stark,,Done,24/Apr/18 8:38 PM,Stark - Bandhavgarh.1,,,,Spine,,,AAKO-5952,,,,,,,
Story,AAKO-5952,1262475,24/Apr/18 9:57 PM,AAKO-3983,06/Mar/18 3:03 PM,Upload & Display Comp Calculator Section on FSO Portal,Completed,Done,Spine,,1.0,,CSS,DPS,Ethicon,FirstBU,,,,Stark,,Done,24/Apr/18 9:57 PM,Stark - Bandhavgarh.1,,,,Spine,,,AAKO-5091,,,,,,,
Story,AAKO-5948,1261493,14/Mar/18 4:23 PM,AAKO-3983,06/Mar/18 9:54 AM,Field Portal - Cosmetic Updates,Completed,Done,Spine,,2.0,,Spine,,,,,,,Stark,,Done,14/Mar/18 4:23 PM,AAKO - Stark - Acadia.3,,,,Spine,,,AAKO-5775,,,,,,,
Story,AAKO-5942,1259451,16/May/18 1:08 PM,AAKO-3963,05/Mar/18 1:57 PM,Support Invoice Realignment across BU - for Alliance Sales Only ,Open,,Trauma,,,,Trauma,,,,,,,Targaryen,,,,,,,,Trauma,,,,,,,,,,
Story,AAKO-5898,1254327,16/May/18 2:30 PM,AAKO-3963,01/Mar/18 12:07 PM,Export Paid Lifenet Graft ID Sales  (paid to Spine supports clawback)  ,Open,,Spine,,5.0,,PI-B,Spine,,,,,,Targaryen,,,,AAKO-Targaryen - Bandhavgarh.4,,,,Spine,,,,,,,,,,
Story,AAKO-5854,1253969,23/Apr/18 12:28 PM,AAKO-4889,01/Mar/18 10:03 AM,Update to Geo Crediting (ED) - for IC Graft ID update,Open,,ETH,,,,Ethicon,,,,,,,Targaryen,,,,,,,,ETH,,,,,,,,,,
Story,AAKO-5779,1248694,22/Mar/18 12:53 PM,AAKO-4885,27/Feb/18 12:01 PM,Reprocess Lifenet Sales post updates to Account Crosswalk  ,Completed,Done,Spine,,5.0,,FirstBU,,,,,,,Targaryen,,Done,22/Mar/18 12:53 PM,AAKO - Targaryen - Acadia.4,,,,Spine,,,,,,,,,,
Story,AAKO-5777,1248636,23/Mar/18 8:47 AM,AAKO-3963,27/Feb/18 10:41 AM,Manual Form - Transaction Selection and Submit for Invoice Realignment,Completed,Done,Spine,,8.0,,FirstBU,,,,,,,Targaryen,,Done,23/Mar/18 8:47 AM,AAKO - Targaryen - Acadia.4,,,,Spine,,,,,AAKO-5767,,,,,
Story,AAKO-5775,1244945,26/Apr/18 4:28 PM,AAKO-3983,26/Feb/18 8:19 AM,Participant Commission Rate Tool - Email notifications,Completed,Done,Spine,,5.0,,Spine,,,,,,,Mormont,,Done,26/Apr/18 4:28 PM,AAKO - Mormont - Bandhavgarh.1,,,,Spine,,,AAKO-5587,,,,,,,
Story,AAKO-5770,1240897,03/May/18 9:53 AM,AAKO-4889,22/Feb/18 3:56 PM,"Enhance Sales Adjustment Upload to support Multiple Types via ""Comment"" field",Open,,Spine,,5.0,,FirstBU,PI-B,,,,,,Targaryen,,,,AAKO-Targaryen - Bandhavgarh.4,,,,Spine,,,,,,,,,,
Story,AAKO-5767,1235173,22/Mar/18 12:06 PM,AAKO-3963,20/Feb/18 10:44 AM,Analyst Form for Entering Invoice Re-Alignments Search Criteria + Process ,Completed,Done,Spine,,13.0,,FirstBU,,,,,,,Targaryen,,Done,22/Mar/18 12:06 PM,AAKO - Targaryen - Acadia.4,,,,Spine,,,,,,,,,,
Story,AAKO-5598,1027683,23/Apr/18 12:27 PM,AAKO-4890,14/Feb/18 3:27 PM,Inv ReAlignment #2 - Updates to Participant Crediting ED (End of Month)for Claiming,Open,,MIT,,,,Ethicon,Mitek,,,,,,Targaryen,,,,,,,,MIT,,,,,,,,,,
Story,AAKO-5597,1027682,23/Apr/18 12:27 PM,AAKO-4890,14/Feb/18 3:23 PM,Inv ReAlignment #2 - Updates to Participant Crediting ED (Crediting Date)for Claiming,Open,,MIT,,,,Ethicon,Mitek,,,,,,Targaryen,,,,,,,,MIT,,,,,,,,,,
Story,AAKO-5595,1025732,22/Feb/18 12:37 PM,AAKO-3963,13/Feb/18 11:07 AM,Update Invoice Re-Alignment Tables (including for #1 type)  ,Completed,Done,Spine,,8.0,,FirstBU,,,,,,,Targaryen,,Done,22/Feb/18 12:37 PM,AAKO - Targaryen - Acadia.2,,,,Spine,,,,,,,,,,
Story,AAKO-5594,1025728,15/May/18 10:41 AM,AAKO-4889,13/Feb/18 10:58 AM,Inv ReAlignment #2 - Geography Crediting Summary ED,Open,,MIT,,,,Ethicon,Mitek,,,,,,Targaryen,,,,,,,,MIT,,,,,,,,,,
Story,AAKO-5593,1025727,23/Apr/18 12:27 PM,AAKO-4889,13/Feb/18 10:57 AM,Inv ReAlignment #2 - Geography Crediting Summary EDPY,Open,,MIT,,,,Ethicon,Mitek,,,,,,Targaryen,,,,,,,,MIT,,,,,,,,,,
Story,AAKO-5592,1025726,28/Feb/18 4:08 PM,AAKO-4889,13/Feb/18 10:56 AM,Inv ReAlignment #2 - Geography Crediting Summary SD  ,Completed,Done,Spine,,8.0,,FirstBU,,,,,,,Targaryen,,Done,28/Feb/18 4:08 PM,AAKO - Targaryen - Acadia.2,,,,Spine,,,,,,,,,,
Story,AAKO-5591,1025723,23/Apr/18 12:28 PM,AAKO-4889,13/Feb/18 10:51 AM,Inv ReAlignment #2 - Geography Crediting EDPY  ,Open,,MIT,,,,Ethicon,Mitek,,,,,,Targaryen,,,,,,,,MIT,,,,,,,,,,
Story,AAKO-5590,1025722,02/Mar/18 8:47 AM,AAKO-4890,13/Feb/18 10:47 AM,Inv ReAlignment #2 - Updates to Participant Crediting SD (Crediting Date)for Claiming,Completed,Done,Spine,,13.0,,FirstBU,,,,,,,Targaryen,,Done,02/Mar/18 8:47 AM,AAKO - Targaryen - Acadia.3,,,,Spine,,,,AAKO-5802,,,,,,
Story,AAKO-5589,1024628,26/Mar/18 9:02 AM,AAKO-4900,12/Feb/18 7:16 PM,Final Pay Adjustment  @ wwid - Apply the final payment adjustment ,Completed,Done,Spine,,5.0,,FirstBU,,,,,,,Lannister,,Done,26/Mar/18 9:02 AM,AAKO - Lannister - Acadia.4,,,,Spine,,,,,,,,,,
Story,AAKO-5588,1024588,18/Apr/18 9:25 AM,AAKO-3984,12/Feb/18 5:18 PM,Statements: Earnings Drill Down Details for Growth: Sales Up To Baseline * Rate,Open,,ETH,,,,Ethicon,,,,,,,Stark,,,,,,,,ETH,,,AAKO-5140,,,,,,,
Story,AAKO-5587,1024194,01/Mar/18 7:44 AM,AAKO-3981,12/Feb/18 2:09 PM,Participant Commission Rate Tool - Entry and Approval Views - Added Fields Enhancements,Completed,Done,Spine,,13.0,,Spine,,,,,,,Stark,,Done,01/Mar/18 7:44 AM,AAKO - Stark - Acadia.2,,,,Spine,,,,,,,,,,
Story,AAKO-5568,1017465,10/May/18 9:07 AM,AAKO-5528,07/Feb/18 3:48 PM,Load Raw Data to Order INP Header Table -provide view,Open,,Spine,,3.0,,PI-B,SURGID,,,,,,Targaryen,,,,AAKO-Targaryen - C1,,,,Spine,,,,,,,,,,
Story,AAKO-5559,1017444,23/Apr/18 12:22 PM,AAKO-5547,07/Feb/18 2:57 PM,Power Tools: Load and Maintain Participants  ,Open,,LastBu,,,,LastBU,,,,,,,Targaryen,,,,,,,,LastBu,,,,,,,,,,
Story,AAKO-5558,1017442,23/Apr/18 12:22 PM,AAKO-5547,07/Feb/18 2:55 PM,Power Tools: Load Participant to Geo Alignments,Open,,LastBu,,,,LastBU,,,,,,,Targaryen,,,,,,,,LastBu,,,,,,,,,,
Story,AAKO-5557,1017441,23/Apr/18 12:22 PM,AAKO-5547,07/Feb/18 2:53 PM,PowerTools:  Load Customer to Territory Alignments,Open,,LastBu,,,,LastBU,,,,,,,Targaryen,,,,,,,,LastBu,,,,,,,,,,
Story,AAKO-5556,1017432,15/Mar/18 11:24 AM,AAKO-4906,07/Feb/18 2:44 PM,Configure Mechanics - Vacancy C ( Terr % coverage  * Flat),Completed,Done,Spine,,13.0,,FirstBU,,,,,,,Lannister,,Done,15/Mar/18 11:24 AM,AAKO - Lannister - Acadia.3,,,,Spine,,,,,,,,,,
Story,AAKO-5553,1017425,23/Apr/18 12:22 PM,AAKO-5547,07/Feb/18 2:28 PM,TESTING: Power Tools -Mechanic - Sales * Rate,Open,,LastBu,,,,LastBU,,,,,,,Targaryen,,,,,,,,LastBu,,,,,,,,,,
Story,AAKO-5552,1017424,23/Apr/18 12:22 PM,AAKO-5547,07/Feb/18 2:25 PM,Power Tools: Load Sales to Harmonized Sales Data (TBD if sales data must be massaged),Open,,LastBu,,,,LastBU,,,,,,,Targaryen,,,,,,,,LastBu,,,,,,,,,,
Story,AAKO-5551,1017423,23/Apr/18 12:22 PM,AAKO-5547,07/Feb/18 2:24 PM,Power Tools:  Load to Harmonized Product Master,Open,,LastBu,,,,LastBU,,,,,,,Targaryen,,,,,,,,LastBu,,,,,,,,,,
Story,AAKO-5550,1017422,23/Apr/18 12:22 PM,AAKO-5547,07/Feb/18 2:23 PM,Power Tools: Load to Harmonized Product Hierarchy,Open,,LastBu,,,,LastBU,,,,,,,Targaryen,,,,,,,,LastBu,,,,,,,,,,
Story,AAKO-5549,1017421,23/Apr/18 12:22 PM,AAKO-5547,07/Feb/18 2:22 PM,Power Tools - Build Account Xref to Harmonized Account Table,Open,,LastBu,,,,LastBU,,,,,,,Targaryen,,,,,,,,LastBu,,,,,,,,,,
Story,AAKO-5548,1017420,23/Apr/18 12:24 PM,AAKO-5547,07/Feb/18 2:20 PM,Power Tools - Load Accounts to  Xref to Harmonized Account Table,Open,,LastBu,,,,LastBU,,,,,,,Targaryen,,,,,,,,LastBu,,,,,,,,,,
Story,AAKO-5534,1017236,14/May/18 10:58 AM,AAKO-3983,07/Feb/18 12:49 PM,FSO Report: YTD Commission Earnings (Mgr),Open,,Spine,,,,DPS,FirstBU,PI-B,,,,,Mormont,,,,,,,,Spine,,,AAKO-5020,,AAKO-591,AAKO-4902,,,,
Story,AAKO-5477,1014058,14/May/18 8:58 AM,AAKO-3982,06/Feb/18 8:23 AM,PLACEHOLDER - Internal C&E Reports (7/7),Open,,Spine,,,,DELETE,FirstBU,,,,,,Mormont,,,,,,,,Spine,,,AAKO-5476,,,,,,,
Story,AAKO-5476,1014056,14/May/18 9:45 AM,AAKO-3982,06/Feb/18 8:22 AM,INTERNAL REPORTING: Unified Cust-Geo-Participant Alignment report (Per Deployment request),Open,,Spine,,,,FirstBU,,,,,,,Mormont,,,,,,,,Spine,,,AAKO-5475,,,,,,,
Story,AAKO-5475,1014054,08/May/18 9:37 AM,AAKO-3982,06/Feb/18 8:22 AM,Internal Impersonation Ability,Completed,Done,Spine,,13.0,,FirstBU,,,,,,,Mormont,,Done,08/May/18 9:37 AM,AAKO - Mormont - Bandhavgarh.2,,,,Spine,,,AAKO-5474,,AAKO-5421,AAKO-5420,AAKO-6683,,,
Story,AAKO-5474,1014053,18/Apr/18 11:14 AM,AAKO-3982,06/Feb/18 8:21 AM,Internal View - Quota Sales and Attainment - Quota Attainment by BU,Open,,Trauma,,,,Trauma,,,,,,,Mormont,,,,,,,,Trauma,,,AAKO-5473,,,,,,,
Story,AAKO-5473,1014052,18/Apr/18 11:14 AM,AAKO-3982,06/Feb/18 8:21 AM,Internal View - Quota Sales and Attainment - Quota Attainment by Customer,Open,,Trauma,,,,Trauma,,,,,,,Mormont,,,,,,,,Trauma,,,AAKO-5472,,,,,,,
Story,AAKO-5472,1014051,15/May/18 7:38 PM,AAKO-3982,06/Feb/18 8:21 AM,Internal View - Quota Sales and Attainment - Quota Attainment by Participant,In Progress,,Spine,,3.0,,FirstBU,PI-B,,,,,,Mormont,,,,AAKO - Mormont - Bandhavgarh.3,,,,Spine,,,AAKO-5471,,AAKO-804,,,,,
Story,AAKO-5470,1014045,18/Apr/18 9:25 AM,AAKO-3984,06/Feb/18 8:05 AM,Drill Down for Mechanic: PlaceHolder: Mgmt Alliance  -  Lead Generation and Conversion ,Open,,Spine,,2.0,,DPS,,,,,,,Stark,,,,,,,,Trauma,,,AAKO-5469,,,,,,,
Story,AAKO-5468,1014041,18/Apr/18 9:25 AM,AAKO-3984,06/Feb/18 8:04 AM,Drill Down for Mechanic: Placeholder: Quarterly Target * Rate,Open,,,,,,Joint_Recon_Distributor,,,,,,,Stark,,,,,,,,Recon - Distributer,,,AAKO-5467,,,,,,,
Story,AAKO-5467,1014039,18/Apr/18 9:25 AM,AAKO-3984,06/Feb/18 8:03 AM,Drill Down for Mechanic: Placeholder: Growth: PY Sales Up to PY Target * Rate,Open,,,,,,Joint_Recon_Direct,,,,,,,Stark,,,,,,,,Recon - Direct ,,,AAKO-5466,,,,,,,
Story,AAKO-5466,1014037,18/Apr/18 4:14 PM,AAKO-3984,06/Feb/18 8:03 AM,Drill Down for Mechanic: Commission:  Calculate Net Sales (PS) * Rate (CLAIMED) Sales,Open,,Trauma,,,,CMF,,,,,,,Stark,,,,,,,,Trauma,,,AAKO-5465,,,,,,,
Story,AAKO-5465,1014035,17/May/18 11:35 AM,AAKO-3984,06/Feb/18 8:02 AM,Statements - Capture Expansion Category detail (pt II),Open,,,,2.0,,DPS,PI-B,,,,,,Stark,,,,Stark - Bandhavgarh.4,,,,Spine,,,AAKO-5464,,,,,,,
Story,AAKO-5464,1014034,17/May/18 11:40 AM,AAKO-3984,06/Feb/18 8:01 AM,Statements - Capture Expansion Category detail (pt I),Open,,,,2.0,,DPS,PI-B,,,,,,Stark,,,,Stark - Bandhavgarh.4,,,,Spine,,,AAKO-5463,,,,,,,
Story,AAKO-5463,1014033,18/Apr/18 4:07 PM,AAKO-3984,06/Feb/18 8:00 AM,Drill Down for Mechanic: Commission:  Unit * Rate,Open,,,,2.0,,Mitek,Recon-Direct,Trauma,,,,,Stark,,,,,,,,Trauma,,,AAKO-5462,,,,,,,
Story,AAKO-5461,1014030,17/Apr/18 7:49 AM,AAKO-3984,06/Feb/18 7:59 AM,Drill Down for Mechanic: Lead: Conversion * Flat Amt,Open,,,,,,DPS,,,,,,,Stark,,,,,,,,Trauma,,,AAKO-5460,,,,,,,
Story,AAKO-5460,1014029,17/Apr/18 7:49 AM,AAKO-3984,06/Feb/18 7:58 AM,Drill Down for Mechanic: Lead: Lead * Flat Amt,Open,,,,,,DPS,Ethicon,,,,,,Stark,,,,,,,,Trauma,,,AAKO-5459,,,,,,,
Story,AAKO-5453,1014019,19/Apr/18 8:46 AM,AAKO-3983,06/Feb/18 7:50 AM,Drill Down for Mechanic: JNJ Advance,Open,,Spine,,,,FirstBU,,,,,,,Stark,,,,AAKO - Stark - C.1,,,,Spine,,,AAKO-5452,,,,,,,
Story,AAKO-5449,1012602,10/May/18 1:25 PM,AAKO-4902,05/Feb/18 7:28 PM,"Compensation Summary - JJED Status, “Active” or “Terminated” ",Open,,Spine,,,,FirstBU,,,,,,,Lannister,,,,Lannister - C2,,,,Spine,,,,,,,,,,
Story,AAKO-5436,1011220,18/Apr/18 4:07 PM,AAKO-3983,05/Feb/18 11:11 AM,CPD: Drill Down for Mechanic: Commission:  Unit * Rate,Open,,,,,,DPS,,,,,,,Stark,,,,,,,,Trauma,,,AAKO-5124,,,,,,,
Story,AAKO-5435,1011219,18/Apr/18 2:10 PM,AAKO-3983,05/Feb/18 11:09 AM,CPD: Drill Down for Mechanic: Lead: Conversion * Flat Amt based on Acct Status,Open,,Trauma,,,,Trauma,,,,,,,Stark,,,,,,,,Trauma,,,AAKO-5434,,,,,,,
Story,AAKO-5434,1011217,18/Apr/18 9:25 AM,AAKO-3983,05/Feb/18 11:08 AM,CPD: Drill Down for Mechanic: Lead: Conversion * Flat Amt,Open,,,,,,DPS,,,,,,,Stark,,,,,,,,Trauma,,,AAKO-5433,,,,,,,
Story,AAKO-5433,1011215,18/Apr/18 9:25 AM,AAKO-3983,05/Feb/18 11:07 AM,CPD: Drill Down for Mechanic: Lead: Lead * Flat Amt,Open,,,,,,DPS,Ethicon,,,,,,Stark,,,,,,,,Trauma,,,AAKO-5131,,,,,,,
Story,AAKO-5432,1011208,19/Apr/18 8:45 AM,AAKO-3983,05/Feb/18 11:03 AM,CPD: Drill Down for Mechanic: Quota: WWID Lvl Attainment & Earnings on Payout Table + Expansion Category,Open,,Spine,,,,DPS,,,,,,,Stark,,,,AAKO - Stark - C.1,,,,Spine,,,AAKO-5136,,,,,,,
Story,AAKO-5431,1011206,18/Apr/18 9:12 AM,AAKO-3983,05/Feb/18 11:01 AM,CPD: Drill Down for Mechanic: PlaceHolder: Mgmt Alliance  -  Lead Generation and Conversion ,Open,,,,,,Trauma,,,,,,,Stark,,,,,,,,Trauma,,,AAKO-5430,,,,,,,
Story,AAKO-5429,1011201,18/Apr/18 9:25 AM,AAKO-3983,05/Feb/18 10:54 AM,CPD: Drill Down for Mechanic: Placeholder: Quarterly Target * Rate,Open,,,,,,Joint_Recon_Distributor,,,,,,,Stark,,,,,,,,Recon - Distributer,,,AAKO-5131,,,,,,,
Story,AAKO-5428,1011200,18/Apr/18 9:25 AM,AAKO-3983,05/Feb/18 10:51 AM,CPD: Drill Down for Mechanic: Placeholder: Growth: PY Sales Up to PY Target * Rate,Open,,,,,,Joint_Recon_Direct,,,,,,,Stark,,,,,,,,Recon - Direct ,,,AAKO-5130,,,,,,,
Story,AAKO-5427,1010692,18/Apr/18 3:41 PM,AAKO-3983,05/Feb/18 10:18 AM,CPD: Drill Down for Mechanic: Quota: Attainment & Snapshot Sales * Rate + Expansion Category,Open,,Spine,,,,DPS,,,,,,,Stark,,,,,,,,Spine,,,AAKO-5119,,,,,,,
Story,AAKO-5426,1010691,18/Apr/18 9:25 AM,AAKO-3983,05/Feb/18 10:15 AM,CPD: Drill Down for Mechanic: Growth: CY Quarter over PY Quarter * Rate,Open,,,,,,Trauma,,,,,,,Stark,,,,,,,,Trauma,,,AAKO-5128,,,,,,,
Story,AAKO-5424,1010688,18/Apr/18 4:14 PM,AAKO-3983,05/Feb/18 10:09 AM,CPD: Earnings Drill Down Details for Commission: Calculate Net Sales (PS) * Rate (Claimed),Open,,Trauma,,,,CMF,,,,,,,Stark,,,,,,,,Trauma,,,AAKO-5122,,,,,,,
Story,AAKO-5421,1010672,01/May/18 9:20 AM,AAKO-3982,05/Feb/18 9:08 AM,Portal Access Management - Internal User,Completed,Done,Spine,,13.0,,FirstBU,,,,,,,Mormont,,Done,01/May/18 9:20 AM,AAKO - Mormont - Bandhavgarh.2,,,,Spine,,,AAKO-5420,,,,,,,
Story,AAKO-5420,1010669,01/May/18 9:18 AM,AAKO-3983,05/Feb/18 9:04 AM,Portal Access Management - FSO User,Completed,Done,Spine,,13.0,,DPS,FirstBU,,,,,,Mormont,,Done,01/May/18 9:18 AM,AAKO - Mormont - Bandhavgarh.2,,,,Spine,,,AAKO-5419,,,,,,,
Story,AAKO-5419,1010665,26/Feb/18 2:58 PM,AAKO-3983,05/Feb/18 8:50 AM,Portal View - FSO Manager,Completed,Done,Spine,,8.0,,DPS,FirstBU,,,,,,Stark,,Done,26/Feb/18 2:58 PM,AAKO - Stark - Acadia.2,,,,Spine,,,AAKO-3240,,,,,,,
Story,AAKO-5406,1010572,18/Apr/18 3:58 PM,AAKO-3997,05/Feb/18 6:59 AM,Effective Dated PY Participant Sales Crediting Job,Open,,ETH,,,,Ethicon,,,,,,,Stark,,,,,,,,ETH,,,,,,,,,,
Story,AAKO-5405,1010571,18/Apr/18 3:58 PM,AAKO-3997,05/Feb/18 6:58 AM,Effective Dated Participant Quota Crediting Job,Open,,ETH,,,,Ethicon,,,,,,,Stark,,,,,,,,ETH,,,,,,,,,,
Story,AAKO-5403,1010569,18/Apr/18 3:58 PM,AAKO-3997,05/Feb/18 6:54 AM,Effective Dated Participant Sales Crediting Job,Open,,ETH,,,,Ethicon,,,,,,,Stark,,,,,,,,ETH,,,,,,,,,,
Story,AAKO-5401,1010567,18/Apr/18 3:58 PM,AAKO-3997,05/Feb/18 6:51 AM,Effective Dated PY Geography Sales Crediting Job,Open,,ETH,,,,Ethicon,,,,,,,Stark,,,,,,,,ETH,,,AAKO-5400,,,,,,,
Story,AAKO-5400,1010566,18/Apr/18 3:58 PM,AAKO-3997,05/Feb/18 6:51 AM,Effective Dated Geography Quota Crediting Job,Open,,ETH,,,,Ethicon,,,,,,,Stark,,,,,,,,ETH,,,,,,,,,,
Story,AAKO-5398,1010564,18/Apr/18 3:58 PM,AAKO-3997,05/Feb/18 6:49 AM,Effective Dated Geography Sales Crediting Job,Open,,ETH,,,,Ethicon,,,,,,,Stark,,,,,,,,ETH,,,,,,,,,,
Story,AAKO-5394,1009670,18/Apr/18 10:17 AM,AAKO-4888,04/Feb/18 12:53 PM,Validation - Enhancement to system Compensation warnings ,Open,,Spine,,,,FirstBU,,,,,,,Lannister,,,,,,,,Spine,,,,,,,,,,
Story,AAKO-5392,1009179,05/Apr/18 8:47 AM,AAKO-4889,02/Feb/18 7:10 PM,DBX - Receive 1@ from JDE - Adjust Gross and Net Sales Dollar Amt,Open,,Trauma,,,,Trauma,,,,,,,Targaryen,,,,,,,,Trauma,,,,,AAKO-5391,,,,,
Story,AAKO-5390,1009176,05/Apr/18 12:07 PM,AAKO-4890,02/Feb/18 6:58 PM,Lead Generation - Roll-Up Process,Open,,Trauma,,,,Trauma,,,,,,,Targaryen,,,,,,,,Trauma,,,,,,,,,,
Story,AAKO-5389,1009172,17/May/18 1:01 AM,AAKO-4885,02/Feb/18 6:38 PM,Update LifeNet Product Description with Value from LNH Sales,In Review,,Spine,,3.0,,PI-B,Spine,,,,,,Targaryen,,Done,,AAKO-Targaryen - Bandhavgarh.3,,,,Spine,,,,,,,,,,
Story,AAKO-5386,1009167,22/Feb/18 3:10 PM,AAKO-4888,02/Feb/18 6:15 PM,Set-Up Parameter - #2 Inv Re-Alignment -Components Requiring Sales Revenue Post Invoice Realignment,Completed,Done,Spine,,8.0,,FirstBU,,,,,,,Targaryen,,Done,22/Feb/18 3:10 PM,AAKO - Targaryen - Acadia.2,,,,Spine,,AAKO-5668,,,,,,,,
Story,AAKO-5379,1009135,08/Mar/18 12:14 PM,AAKO-4885,02/Feb/18 4:18 PM,Add IC Graft ID to Sales Harmonized / Sales Processing,Completed,Done,Spine,,8.0,,Recon,Spine,,,,,,Targaryen,,Done,08/Mar/18 12:14 PM,AAKO - Targaryen - Acadia.3,,,,Spine,,,,,,,,,,
Story,AAKO-5366,1008971,17/May/18 11:28 AM,AAKO-2277,02/Feb/18 1:55 PM,Data Validation Kickouts: Sales Data Assurance,Completed,Done,Spine,,3.0,,FirstBU,PI-B,,,,,,Mormont,,Done,17/May/18 11:28 AM,AAKO - Mormont - Bandhavgarh.3,,,,Spine,,,AAKO-5365,,AAKO-5362,,,,,
Story,AAKO-5365,1008970,10/May/18 10:24 AM,AAKO-2277,02/Feb/18 1:51 PM,Data Validation Reporting: Sales Data Assurance,Open,,Spine,,3.0,,FirstBU,PI-B,,,,,,Mormont,,,,AAKO - Mormont - Bandhavgarh.4,,,,Spine,,,AAKO-2569,,AAKO-2568,,,,,
Story,AAKO-5364,1008947,17/May/18 11:28 AM,AAKO-2277,02/Feb/18 12:53 PM,Data Validation Kickouts: Participant Data Assurance,Completed,Done,Spine,,3.0,,FirstBU,PI-B,,,,,,Mormont,,Done,17/May/18 11:28 AM,AAKO - Mormont - Bandhavgarh.3,,,,Spine,,,AAKO-4883,,AAKO-5362,,,,,
Story,AAKO-5363,1008938,09/May/18 1:10 PM,AAKO-2277,02/Feb/18 12:38 PM,Data Validation Kickouts: Customer Data Assurance,Completed,Fixed,Spine,,3.0,,FirstBU,,,,,,,Mormont,,Fixed,09/May/18 1:10 PM,AAKO - Mormont - Bandhavgarh.2,,,,Spine,,,AAKO-2569,,AAKO-5362,,,,,
Story,AAKO-5362,1008929,24/Apr/18 8:17 AM,AAKO-2277,02/Feb/18 12:28 PM,Data Validation Kickouts: Product Data Assurance,Completed,Done,Spine,,5.0,,FirstBU,,,,,,,Mormont,,Done,24/Apr/18 8:17 AM,AAKO - Mormont - Bandhavgarh.1,,,,Spine,,AAKO-6625,AAKO-2568,,,,,,,
Story,AAKO-5324,1006812,11/Apr/18 10:46 AM,AAKO-5333,01/Feb/18 12:17 PM,PLACEHOLDER: Accruals (added for complexity),Open,,Spine,,,,FirstBU,,,,,,,Mormont,,,,,,,,Spine,,,AAKO-5323,,,,,,,
Story,AAKO-5323,1006810,11/Apr/18 10:46 AM,AAKO-5333,01/Feb/18 12:16 PM,PLACEHOLDER: Accruals (added for complexity),Open,,Spine,,,,FirstBU,,,,,,,Mormont,,,,,,,,Spine,,,AAKO-594,,,,,,,
Story,AAKO-5221,1001431,10/May/18 9:30 AM,AAKO-3982,30/Jan/18 7:59 AM,C&E Internal Analyst Portal - Tweaks and updates to entity and assignment tables,Completed,Done,Spine,,8.0,,FirstBU,,,,,,,Stark,,Done,10/May/18 9:30 AM,Stark - Bandhavgarh.2,,,,Spine,,,,,,,,,,
Story,AAKO-5218,1001427,10/May/18 9:31 AM,AAKO-3982,30/Jan/18 7:58 AM,C&E Internal Analyst Portal - Build for Internal Analyst Roles,Completed,Done,Spine,,13.0,,FirstBU,,,,,,,Stark,,Done,10/May/18 9:31 AM,Stark - Bandhavgarh.2,,,,Spine,,,,,,,,,,
Story,AAKO-5215,999714,14/Feb/18 8:23 AM,AAKO-4885,29/Jan/18 11:01 AM,Load Alliance Customers in the OneMD Customer Master,Completed,Done,Spine,,5.0,,FirstBU,,,,,,,Targaryen,,Done,14/Feb/18 8:23 AM,AAKO - Targaryen - Acadia.1,,,,Spine,,,,,,,,AAKO-5372,AAKO-5373,
Story,AAKO-5211,998008,18/Apr/18 3:55 PM,AAKO-3981,26/Jan/18 3:29 PM,Inquiry Workflow: Requestor Form for Other/Misc,Open,,ETH,,3.0,,ETH,,,,,,,Stark,,,,,,,,ETH,,,AAKO-2558,,,,,,,
Story,AAKO-5209,997207,23/Apr/18 12:19 PM,AAKO-4886,26/Jan/18 9:44 AM,Process to Load Harmonized Alliance Completed Training Table and Manual Mtn,Open,,Trauma,,5.0,,Spine,,,,,,,Targaryen,,,,,,,,Trauma,,,,,,,,,,
Story,AAKO-5197,994150,25/Jan/18 2:54 PM,,24/Jan/18 9:50 AM,Spike -   Determine if AAKO-4916 and AAKO-435 are the same -  ,Completed,Done,Spine,,1.0,,,,,,,,,Targaryen,,Done,25/Jan/18 2:54 PM,AAKO - Targaryen - Z.IP,,,,Spine,,,,,,,,,,
Story,AAKO-5196,992603,05/Apr/18 12:06 PM,AAKO-4888,23/Jan/18 4:23 PM,Setup Payment Parameter - Payment per Lead Generation,Open,,Trauma,,,,Trauma,,,,,,,Targaryen,,,,,,,,Trauma,,,,,,,,,,
Story,AAKO-5184,991766,02/Feb/18 7:57 AM,,23/Jan/18 11:17 AM,Refine stories for A.1,Completed,Done,Spine,,3.0,,,,,,,,,Targaryen,,Done,02/Feb/18 7:57 AM,AAKO - Targaryen - Z.IP,,,,Spine,,,,,,,,,,
Story,AAKO-5170,985968,15/May/18 7:44 PM,AAKO-3984,18/Jan/18 1:47 PM,Statements: Set of Earnings Drill Down Details,In Progress,,Spine,,8.0,,DPS,PI-B,,,,,,Stark,,,,Stark - Bandhavgarh.3,,,,Spine,,,,,,,,,,
Story,AAKO-5163,985961,18/Apr/18 9:20 AM,AAKO-3984,18/Jan/18 1:46 PM,Statements: Earnings Drill Down Details for Baseline Average Growth: Earnings on $ Payout Table,Open,,ETH,,,,Ethicon,,,,,,,Stark,,,,,,,,ETH,,,,,,,,,,
Story,AAKO-5160,985958,18/Apr/18 9:20 AM,AAKO-3984,18/Jan/18 1:46 PM,Statements: Earnings Drill Down Details for Geo Split Growth: Sales over Quota * Rate,Open,,ETH,,,,Acclarent,Ethicon,,,,,,Stark,,,,,,,,ETH,,,,,,,,,,
Story,AAKO-5157,985955,18/Apr/18 9:20 AM,AAKO-3984,18/Jan/18 1:46 PM,Statements: Earnings Drill Down Details for Baseline Growth: Earnings on $ Payout Table,Open,,ETH,,,,Ethicon,,,,,,,Stark,,,,,,,,ETH,,,,,,,,,,
Story,AAKO-5155,985953,18/Apr/18 9:20 AM,AAKO-3984,18/Jan/18 1:46 PM,Statements: Earnings Drill Down Details for Reporting Quota Attainment,Open,,ETH,,,,Ethicon,,,,,,,Stark,,,,,,,,ETH,,,,,,,,,,
Story,AAKO-5150,985948,18/Apr/18 4:15 PM,AAKO-3984,18/Jan/18 1:46 PM,Statements: Earnings Drill Down Details for YE Performance Bonus * Rate,Open,,ETH,,,,Ethicon,,,,,,,Stark,,,,,,,,ETH,,,,,,,,,,
Story,AAKO-5149,985947,18/Apr/18 9:25 AM,AAKO-3984,18/Jan/18 1:46 PM,Statements: Earnings Drill Down Details for Growth: Sales over Quota * Rate,Open,,Spine,,2.0,,Acclarent,ASP,BWI,Codman,DPS,Ethicon,Mentor,Stark,,,,,,,,ETH,,,,,,,,,,
Story,AAKO-5146,985944,08/May/18 10:18 AM,AAKO-3984,18/Jan/18 1:46 PM,Statements: Spine Commission Drill Downs for SD EOM & Crediting Date,Open,,Spine,,8.0,,FirstBU,PI-B,Spine,,,,,Stark,,,,Stark - Bandhavgarh.4,,,,Spine,,,,,,,,,,
Story,AAKO-5144,985942,15/May/18 12:02 PM,AAKO-3984,18/Jan/18 1:46 PM,Statements: Spine DTP to populate IC Statement,Open,,Spine,,8.0,,FirstBU,PI-B,Spine,,,,,Stark,,,,Stark - Bandhavgarh.3,,,,Spine,,,,,,,,,,
Story,AAKO-5143,985941,15/May/18 7:44 PM,AAKO-3984,18/Jan/18 1:46 PM,Statements: Spine Template for IC Statement,In Progress,,Spine,,5.0,,FirstBU,PI-B,Spine,,,,,Stark,,,,Stark - Bandhavgarh.3,,,,Spine,,,,,,,,,,
Story,AAKO-5142,985940,08/May/18 10:18 AM,AAKO-3984,18/Jan/18 1:46 PM,Statements: Spine Growth Drill Downs,Open,,Spine,,8.0,,FirstBU,PI-B,Spine,,,,,Stark,,,,Stark - Bandhavgarh.4,,,,Spine,,,,,,,,,,
Story,AAKO-5141,985939,17/May/18 10:27 AM,AAKO-3984,18/Jan/18 1:46 PM,Statements: Spine Quota Attainment Drill Downs,Open,,Spine,,8.0,,FirstBU,PI-B,Spine,,,,,Stark,,,,Stark - Bandhavgarh.4,,,,Spine,,,,,,,,,,
Story,AAKO-5140,985938,18/Apr/18 9:25 AM,AAKO-3984,18/Jan/18 1:46 PM,Statements: Earnings Drill Down Details for Growth: Sales Over Baseline and Up To Quota * Rate,Open,,Spine,,2.0,,Ethicon,,,,,,,Stark,,,,,,,,ETH,,,,,,,,,,
Story,AAKO-5138,985494,18/Apr/18 9:24 AM,AAKO-3983,18/Jan/18 11:07 AM,CPD: Earnings Drill Down Details for Geo Split Growth: Sales over Quota * Rate,Open,,,,,,Acclarent,Ethicon,,,,,,Stark,,,,,,,,ETH,,,,,,,,,,
Story,AAKO-5133,985489,18/Apr/18 4:15 PM,AAKO-3983,18/Jan/18 11:07 AM,CPD: Earnings Drill Down Details for YE Performance Bonus * Rate,Open,,,,,,Ethicon,,,,,,,Stark,,,,,,,,ETH,,,,,,,,,,
Story,AAKO-5131,985487,18/Apr/18 3:43 PM,AAKO-3983,18/Jan/18 11:07 AM,CPD: Earnings Drill Down Details for Growth: Sales over Quota * Rate,Open,,MIT,,,,CSS,DPS,Ethicon,,,,,Stark,,,,,,,,MIT,,,,,,,,,,
Story,AAKO-5129,985485,18/Apr/18 4:11 PM,AAKO-3983,18/Jan/18 11:07 AM,CPD: Earnings Drill Down Details for Growth: Sales Over Baseline and Up To Quota * Rate,Open,,MIT,,,,MIT,,,,,,,Stark,,,,,,,,MIT,,,,,,,,,,
Story,AAKO-5128,985484,19/Apr/18 8:44 AM,AAKO-3983,18/Jan/18 11:07 AM,CPD: Earnings Drill Down Details for Growth (Curr Pd Sales - Prior Pd Sales),Open,,Spine,,,,DPS,,,,,,,Stark,,,,AAKO - Stark - C.1,,,,Spine,,,,,,,,,,
Story,AAKO-5127,985483,17/Apr/18 8:11 AM,AAKO-3983,18/Jan/18 11:07 AM,CPD: Earnings Drill Down Details for Baseline Growth: Earnings on $ Payout Table,Open,,,,,,Ethicon,,,,,,,Stark,,,,,,,,ETH,,,,,,,,,,
Story,AAKO-5126,985482,17/Apr/18 8:07 AM,AAKO-3983,18/Jan/18 11:07 AM,CPD: Earnings Drill Down Details for Baseline Average Growth: Earnings on $ Payout Table,Open,,,,,,Ethicon,,,,,,,Stark,,,,,,,,ETH,,,,,,,,,,
Story,AAKO-5125,985481,18/Apr/18 9:24 AM,AAKO-3983,18/Jan/18 11:07 AM,CPD: Earnings Drill Down Details for Flat Payment,Open,,,,,,Acclarent,Trauma,,,,,,Stark,,,,,,,,Trauma,,,,,,,,,,
Story,AAKO-5122,985478,19/Apr/18 8:45 AM,AAKO-3983,18/Jan/18 11:07 AM,CPD: Earnings Drill Down Details for Commission: Calculate Net Sales (PS) * Rate,Open,,Spine,,,,DPS,,,,,,,Stark,,,,AAKO - Stark - C.1,,,,Spine,,,,,,,,,,
Story,AAKO-5121,985477,19/Apr/18 8:45 AM,AAKO-3983,18/Jan/18 11:07 AM,CPD: Earnings Drill Down Details for Variable Comp - Credit Sales from Multiple BUs,Open,,Spine,,,,DPS,,,,,,,Stark,,,,AAKO - Stark - C.1,,,,Spine,,,,,,,,,,
Story,AAKO-5120,985476,18/Apr/18 3:24 PM,AAKO-3983,18/Jan/18 11:07 AM,CPD: Earnings Drill Down Details for Reporting Quota Attainment,Open,,ETH,,,,,,,,,,,Stark,,,,,,,,ETH,,,,,,,,,,
Story,AAKO-5119,985475,19/Apr/18 8:45 AM,AAKO-3983,18/Jan/18 11:07 AM,CPD: Earnings Drill Down Details for Quota: Attainment & Snapshot Sales * Rate,Open,,Spine,,,,DPS,,,,,,,Stark,,,,AAKO - Stark - C.1,,,,Spine,,,,,,,,,,
Story,AAKO-5118,985474,18/Apr/18 9:24 AM,AAKO-3983,18/Jan/18 11:07 AM,CPD: Earnings Drill Down Details for Quota: Attainment & Earnings on Payout Table,Open,,ETH,,,,CSS,DPS,Ethicon,,,,,Stark,,,,,,,,ETH,,,,,,,,,,
Story,AAKO-5112,985544,15/Mar/18 10:24 AM,AAKO-3983,18/Jan/18 10:42 AM,CPD - Growth Drill Downs,Completed,Done,Spine,,8.0,,DPS,FirstBU,,,,,,Stark,,Done,15/Mar/18 10:24 AM,AAKO - Stark - Acadia.3,,,,Spine,,,AAKO-5111,,,,,,,
Story,AAKO-5111,985538,13/Mar/18 7:28 PM,AAKO-3983,18/Jan/18 10:35 AM,CPD - Quota Attainment Drill Downs,Completed,Done,Spine,,8.0,,DPS,FirstBU,,,,,,Stark,,Done,13/Mar/18 7:28 PM,AAKO - Stark - Acadia.3,,,,Spine,,,AAKO-5110,,,,,,,
Story,AAKO-5110,985537,15/Mar/18 10:03 AM,AAKO-3983,18/Jan/18 10:34 AM,CPD - Commission Drill Downs for Crediting Date,Completed,Done,Spine,,8.0,,DPS,FirstBU,,,,,,Stark,,Done,15/Mar/18 10:03 AM,AAKO - Stark - Acadia.3,,,,Spine,,,AAKO-5109,,,,,,,
Story,AAKO-5109,985536,13/Mar/18 11:48 AM,AAKO-3983,18/Jan/18 10:34 AM,CPD - Commission Drill Downs for SD EOM,Completed,Done,Spine,,8.0,,DPS,FirstBU,,,,,,Stark,,Done,13/Mar/18 11:48 AM,AAKO - Stark - Acadia.3,,,,Spine,,,AAKO-5108,,,,,,,
Story,AAKO-5108,985535,01/Mar/18 1:25 PM,AAKO-3983,18/Jan/18 10:33 AM,CPD - DTP to populate Progress Report,Completed,Done,Spine,,13.0,,DPS,FirstBU,,,,,,Stark,,Done,01/Mar/18 1:25 PM,AAKO - Stark - Acadia.2,,,,Spine,,,AAKO-5107,,,,,,,
Story,AAKO-5107,985534,01/Mar/18 7:45 AM,AAKO-3983,18/Jan/18 10:32 AM,CPD - Template for My Progress Report (Sales Rep View),Completed,Done,Spine,,13.0,,FirstBU,Spine,,,,,,Stark,,Done,01/Mar/18 7:45 AM,AAKO - Stark - Acadia.2,,,,Spine,,,AAKO-5019,,,,,,,
Story,AAKO-5106,985505,06/Apr/18 9:46 AM,AAKO-3981,18/Jan/18 10:12 AM,Inquiry Workflow: Notifications,Open,,ETH,,,,ETH,,,,,,,Stark,,,,,,,,ETH,,,AAKO-5105,,,,,,,
Story,AAKO-5105,985297,18/Apr/18 3:55 PM,AAKO-3981,18/Jan/18 10:08 AM,Inquiry Workflow: Resolution Flow,Open,,ETH,,8.0,,ETH,,,,,,,Stark,,,,,,,,ETH,,,AAKO-2563,,,,,,,
Story,AAKO-5104,985248,15/Feb/18 4:16 PM,AAKO-3981,18/Jan/18 9:42 AM,Participant Commission Rate Tool - Create Base Workflow,Completed,Done,Spine,,13.0,,DPS,FirstBU,,,,,,Stark,,Done,15/Feb/18 4:16 PM,AAKO - Stark - Acadia.1,,,,Spine,,,AAKO-5103,,,,,,,
Story,AAKO-5103,985247,15/Feb/18 4:16 PM,AAKO-3981,18/Jan/18 9:39 AM,Participant Commission Rate Tool - Backend Structure Change,Completed,Done,Spine,,8.0,,DPS,FirstBU,,,,,,Stark,,Done,15/Feb/18 4:16 PM,AAKO - Stark - Acadia.1,,,,Spine,,,AAKO-3913,,,,,,,
Story,AAKO-5091,982227,24/Apr/18 11:40 AM,AAKO-3983,16/Jan/18 4:50 PM,Upload & Display FSO Forms Section on FSO Portal,Completed,Done,Spine,,1.0,,CSS,DPS,Ethicon,FirstBU,,,,Stark,,Done,24/Apr/18 11:40 AM,Stark - Bandhavgarh.1,,,,Spine,,,,,,,,,,
Story,AAKO-5090,982225,24/Apr/18 10:25 AM,AAKO-3983,16/Jan/18 4:47 PM,Upload & Display Help Section on FSO Portal,Completed,Done,Spine,,2.0,,CSS,DPS,Ethicon,FirstBU,,,,Stark,,Done,24/Apr/18 10:25 AM,Stark - Bandhavgarh.1,,,,Spine,,,,,,,,,,
Story,AAKO-5089,982334,18/Apr/18 10:32 AM,AAKO-4902,16/Jan/18 4:46 PM,Compensation Summary - Participant Trained Parameter ,Open,,Trauma,,,,DPS,,,,,,,Lannister,,,,,,,,Trauma,,,,,,,,,,
Story,AAKO-5088,982333,18/Apr/18 12:29 PM,AAKO-4902,16/Jan/18 4:46 PM,(Lvl 2) Compensation Summary - DPS Component Information,Open,,CMF,Trauma,,,DPS,,,,,,,Lannister,,,,,,,,CMF,,,,,,,,,,
Story,AAKO-5087,982332,16/May/18 8:18 PM,AAKO-4906,16/Jan/18 4:46 PM,Apply Earning Adjustments for Snapshot (Participant),Completed,Done,Spine,,8.0,,FirstBU,,,,,,,Lannister,,Done,16/May/18 8:18 PM,Lannister - Bandhavgarh.2,Lannister - Bandhavgarh.3,,,Spine,,,,,AAKO-4358,,,,,
Story,AAKO-5086,982331,18/Apr/18 10:38 AM,AAKO-4903,16/Jan/18 4:46 PM,[Placeholder due to Complexity] Payout - Ability to pay on Off-Cycle schedule (Z),Open,,LastBu,,,,LastBU,,,,,,,Lannister,,,,,,,,LastBu,,,,,,,,,,
Story,AAKO-5085,982330,18/Apr/18 10:39 AM,AAKO-4903,16/Jan/18 4:46 PM,[Placeholder due to Complexity] Payout - Ability to pay on Off-Cycle schedule (Y),Open,,LastBu,,,,LastBU,,,,,,,Lannister,,,,,,,,LastBu,,,,,,,,,,
Story,AAKO-5084,982329,18/Apr/18 10:39 AM,AAKO-4903,16/Jan/18 4:46 PM,[Placeholder due to Complexity] Payout - Ability to pay on Off-Cycle schedule (X),Open,,LastBu,,,,LastBU,,,,,,,Lannister,,,,,,,,LastBu,,,,,,,,,,
Story,AAKO-5080,982325,24/Apr/18 5:19 PM,AAKO-3979,16/Jan/18 4:46 PM,(8) Wage Code File / Payroll Report,Open,,Spine,,,,FirstBU,,,,,,,Lannister,,,,Lannister - C1,,,,Spine,,,,,,,,,,
Story,AAKO-5079,982324,07/May/18 10:25 AM,AAKO-4903,16/Jan/18 4:46 PM,[REUSE ]Common Payment Process - Terminated Participants,Open,,Spine,,8.0,,FirstBU,PI-B,,,,,,Lannister,,,,Lannister - Bandhavgarh.4,,,,Spine,,,,,,,,,,
Story,AAKO-5078,982323,30/Mar/18 1:45 PM,AAKO-3976,16/Jan/18 4:46 PM,Standard Guarantee @ Component Level,Open,,Recon - Distributer,,,,Joint_Recon_Distributor,,,,,,,Lannister,,,,,,,,Recon - Distributer,,,,,,,,,,
Story,AAKO-5076,982321,10/May/18 1:16 PM,AAKO-4902,16/Jan/18 4:46 PM,Compensation Summary - Level 2 Logic and configuration (A),In Progress,,Spine,,13.0,,FirstBU,,,,,,,Lannister,,,,Lannister - Bandhavgarh.2,Lannister - Bandhavgarh.3,,,Spine,,,,,,,,,,
Story,AAKO-5075,982320,18/Apr/18 12:09 PM,AAKO-4902,16/Jan/18 4:46 PM,(Lvl 2) Compensation Summary - MIT SI Component Information,Open,,,,,,Mitek,,,,,,,Lannister,,,,,,,,MIT,,,,,,,,,,
Story,AAKO-5074,982319,18/Apr/18 12:09 PM,AAKO-4902,16/Jan/18 4:46 PM,(Lvl 2) Compensation Summary - MIT EI Component Information,Open,,,,,,Mitek,,,,,,,Lannister,,,,,,,,MIT,,,,,,,,,,
Story,AAKO-5068,982313,18/Apr/18 12:08 PM,AAKO-4902,16/Jan/18 4:46 PM,(Lvl 2) Compensation Summary - ETH 2 Component Information,Open,,,,,,Ethicon,,,,,,,Lannister,,,,,,,,ETH,,,,,,,,,,
Story,AAKO-5067,982312,18/Apr/18 12:08 PM,AAKO-4902,16/Jan/18 4:46 PM,(Lvl 2) Compensation Summary - ETH 1 Component Information,Open,,,,,,Ethicon,,,,,,,Lannister,,,,,,,,ETH,,,,,,,,,,
Story,AAKO-5066,982311,14/May/18 11:21 AM,AAKO-4902,16/Jan/18 4:46 PM,Compensation Summary - Level 2 Logic and configuration (B),In Progress,,Spine,,8.0,,PI-B,Spine,,,,,,Lannister,,,,Lannister - Bandhavgarh.3,,,,Spine,,,,,,,,,,
Story,AAKO-5064,982309,30/Mar/18 3:02 PM,AAKO-3976,16/Jan/18 4:46 PM,Flat Guarantee @ wwid Level ,Open,,Recon - Distributer,,,,Joint_Recon_Distributor,,,,,,,Lannister,,,,,,,,Recon - Distributer,,,,,,,,,,
Story,AAKO-5063,982308,23/Mar/18 12:21 PM,AAKO-4906,16/Jan/18 4:46 PM,Compensation Summary - HTD (1 and 2) Total Earning @ WWID,Open,,ETH,,,,FirstBU,,,,,,,Lannister,,,,,,,,ETH,,,,,,,,,,
Story,AAKO-5062,982307,26/Apr/18 11:38 AM,AAKO-4902,16/Jan/18 4:46 PM,Compensation Summary - Level 1 Logic and configuration,Completed,Done,Spine,,8.0,,FirstBU,,,,,,,Lannister,,Done,26/Apr/18 11:38 AM,Lannister - Bandhavgarh.1,,,,Spine,,,,,,,,,,
Story,AAKO-5061,982306,16/May/18 8:27 PM,AAKO-3976,16/Jan/18 4:46 PM,Standard Guarantee Configuration  ,In Progress,,Spine,,8.0,,FirstBU,PI-B,,,,,,Lannister,,,,Lannister - Bandhavgarh.3,,,,Spine,,,,,,,,,,
Story,AAKO-5060,982305,10/May/18 1:25 PM,AAKO-4902,16/Jan/18 4:46 PM,Compensation Summary -  Active or not Active  (A/N),Open,,Spine,,2.0,,FirstBU,,,,,,,Lannister,,,,Lannister - C2,,,,Spine,,,,,,,,,,
Story,AAKO-5059,982304,12/Apr/18 7:08 AM,AAKO-4902,16/Jan/18 4:46 PM,Finalize & Standardize the columns shown in existing test portal views for each metric type (X),Completed,Done,Spine,,8.0,,FirstBU,,,,,,,Lannister,,Done,12/Apr/18 7:08 AM,AAKO - Lannister -B'ghar.IP,,,,Spine,,,,,,,,,,
Story,AAKO-5058,982303,12/Mar/18 7:35 AM,AAKO-3961,16/Jan/18 4:46 PM,Compensation Summary - Data Week,Open,,ETH,,,,Ethicon,MIT,,,,,,Lannister,,,,,,,,ETH,,,,,,,,,,
Story,AAKO-5056,982301,10/May/18 11:02 AM,AAKO-4902,16/Jan/18 4:46 PM,Compensation Summary : Level 3 Metric Type Specific Columns - Portal Links,Open,,Spine,,8.0,,FirstBU,PI-B,,,,,,Lannister,,,,Lannister - Bandhavgarh.4,,,,Spine,,,,,,,,,,
Story,AAKO-5054,981699,12/Apr/18 10:06 AM,AAKO-4906,16/Jan/18 4:46 PM,Compensation Summary - Semester Total Earnings @ WWID Lvl,Open,,ETH,,,,Ethicon,,,,,,,Lannister,,,,,,,,ETH,,,,,,,,,,
Story,AAKO-5053,981698,29/Mar/18 4:21 PM,AAKO-4902,16/Jan/18 4:46 PM,(JR) Compensation Summary - For Distributors ,Open,,Recon - Distributer,,,,Joint_Recon_Distributor,,,,,,,Lannister,,,,,,,,Recon - Distributer,,,,,,,,,,
Story,AAKO-5052,981697,12/Apr/18 7:10 AM,AAKO-4906,16/Jan/18 4:45 PM,"Aggregate Flat: Amount * Territory Coverage by wwid, Month ",Completed,Done,Spine,,5.0,,FirstBU,,,,,,,Lannister,,Done,12/Apr/18 7:10 AM,AAKO - Lannister -B'ghar.IP,,,,Spine,,,,,,,,,,
Story,AAKO-5051,981696,18/Apr/18 12:29 PM,AAKO-4902,16/Jan/18 4:45 PM,(Lvl 2) Compensation Summary - DPS Manager Component Information,Open,,,,,,DPS,,,,,,,Lannister,,,,,,,,Trauma,,,,,,,,,,
Story,AAKO-5050,981695,10/May/18 1:24 PM,AAKO-4902,16/Jan/18 4:45 PM,Compensation Summary - Start and End Date,Open,,Spine,,13.0,,FirstBU,,,,,,,Lannister,,,,Lannister - C1,,,,Spine,,,,,,,,,,
Story,AAKO-5048,981693,30/Mar/18 9:09 AM,AAKO-4903,16/Jan/18 4:45 PM,YTD and HTD Total Earnings @ Plan ,Open,,ETH,,,,Ethicon,,,,,,,Lannister,,,,,,,,ETH,,,,,,,,,,
Story,AAKO-5047,981692,30/Mar/18 9:10 AM,AAKO-4903,16/Jan/18 4:45 PM,YTD and HTD Attainment - Total Earning / Prorated target @ plan,Open,,ETH,,,,Ethicon,,,,,,,Lannister,,,,,,,,ETH,,,,,,,,,,
Story,AAKO-5046,981691,30/Mar/18 9:10 AM,AAKO-4903,16/Jan/18 4:45 PM,YTD and HTD Total Prorated Target Earnings @ Plan - Apply Proration,Open,,ETH,,,,Ethicon,,,,,,,Lannister,,,,,,,,ETH,,,,,,,,,,
Story,AAKO-5045,981690,30/Mar/18 9:11 AM,AAKO-4903,16/Jan/18 4:45 PM,YTD and HTD Attainment =Total Earnings / Prorated Target Earning @ Plan  ,Open,,ETH,,,,Ethicon,,,,,,,Lannister,,,,,,,,ETH,,,,,,,,,,
Story,AAKO-5044,981689,30/Mar/18 9:09 AM,AAKO-4903,16/Jan/18 4:45 PM,YTD and HTD Total Prorated Target  Earnings @ Plan - Entry Table ,Open,,ETH,,,,Ethicon,,,,,,,Lannister,,,,,,,,ETH,,,,,,,,,,
Story,AAKO-5043,981688,27/Feb/18 10:18 AM,AAKO-4903,16/Jan/18 4:45 PM,Common Mechanics-Aggregate YTD Total Earnings @ wwid,Completed,Done,Spine,,5.0,,FirstBU,,,,,,,Lannister,,Done,27/Feb/18 10:18 AM,AAKO - Lannister - Acadia.2,,,,Spine,,,,,,,,,,
Story,AAKO-5042,982223,18/Apr/18 4:10 PM,AAKO-3983,16/Jan/18 4:45 PM,Distributor Offices Need a Portal View,Open,,Recon - Distributer,,,,Joint_Recon_Distributor,,,,,,,Stark,,,,,,,,Recon - Distributer,,,,,,,,,,
Story,AAKO-5041,982222,24/Apr/18 8:58 AM,AAKO-3983,16/Jan/18 4:44 PM,Upload & Display Plan and Policy Document Section on FSO Portal,Completed,Done,Spine,,2.0,,DPS,FirstBU,,,,,,Stark,,Done,24/Apr/18 8:58 AM,Stark - Bandhavgarh.1,,,,Spine,,,,,,,,,,
Story,AAKO-5038,982218,29/Mar/18 9:39 AM,AAKO-3983,16/Jan/18 4:37 PM,Participant Plan Summary Report - Manager,Completed,Done,Spine,,5.0,,DPS,FirstBU,,,,,,Stark,,Done,29/Mar/18 9:39 AM,AAKO - Stark - Acadia.4,,,,Spine,,,AAKO-5037,,,,,,,
Story,AAKO-5037,982217,29/Mar/18 9:39 AM,AAKO-3983,16/Jan/18 4:36 PM,Participant Plan Summary Report - Rep,Completed,Done,Spine,,5.0,,DPS,FirstBU,,,,,,Stark,,Done,29/Mar/18 9:39 AM,AAKO - Stark - Acadia.4,,,,Spine,,,,,,,,,,
Story,AAKO-5036,982216,17/May/18 9:34 AM,AAKO-3983,16/Jan/18 4:34 PM,Internal and External report: Customers aligned to Participants,Open,,Spine,,5.0,,Acclarent,CNV,CSS,DPS,Ethicon,,,Stark,,,,AAKO - Stark - C.1,,,,Spine,,,,,,,,,,
Story,AAKO-5033,982213,18/Apr/18 10:54 AM,AAKO-3983,16/Jan/18 4:26 PM,RANKING REPORT: DPS RM / AVP Totem Ranking Report,Open,,LastBu,,,,DPS,LastBU,,,,,,Mormont,,,,,,,,LastBu,,,AAKO-5025,,,,,,,
Story,AAKO-5032,982211,18/Apr/18 3:45 PM,AAKO-3983,16/Jan/18 4:26 PM,ETH RM / AVP Totem Ranking Report,Open,,ETH,,,,Ethicon,,,,,,,Stark,,,,,,,,ETH,,,AAKO-5029,,,,,,,
Story,AAKO-5031,982208,18/Apr/18 9:25 AM,AAKO-3983,16/Jan/18 4:24 PM,CSS RM / AVP Totem Ranking Report,Open,,CSS,,,,CSS,LastBU,,,,,,Stark,,,,,,,,CSS,,,AAKO-5030,,,,,,,
Story,AAKO-5030,982206,18/Apr/18 9:25 AM,AAKO-3983,16/Jan/18 4:22 PM,CSS Rep Totem Ranking Report,Open,,CSS,,,,CSS,LastBU,,,,,,Stark,,,,,,,,CSS,,,AAKO-5029,,,,,,,
Story,AAKO-5029,982205,18/Apr/18 3:45 PM,AAKO-3983,16/Jan/18 4:22 PM,ETH Rep Totem Ranking Report,Open,,ETH,,,,Ethicon,,,,,,,Stark,,,,,,,,ETH,,,AAKO-5025,,,,,,,
Story,AAKO-5028,982204,18/Apr/18 9:25 AM,AAKO-3983,16/Jan/18 4:22 PM,MD Elite Ranking Report - CSS,Open,,CSS,,,,CSS,LastBU,,,,,,Stark,,,,,,,,CSS,,,AAKO-5027,,,,,,,
Story,AAKO-5027,982203,18/Apr/18 3:45 PM,AAKO-3983,16/Jan/18 4:21 PM,MD Elite Ranking Report - ETH,Open,,ETH,,,,Ethicon,,,,,,,Stark,,,,,,,,ETH,,,AAKO-5026,,,,,,,
Story,AAKO-5026,982200,18/Apr/18 10:54 AM,AAKO-3983,16/Jan/18 4:17 PM,RANKING REPORT: MD Elite Ranking Report - DPS,Open,,LastBu,,,,DPS,LastBU,,,,,,Mormont,,,,,,,,LastBu,,,AAKO-5025,,,,,,,
Story,AAKO-5024,981998,24/Apr/18 8:58 AM,AAKO-3983,16/Jan/18 4:14 PM,Upload & Display Contest & Rankings Section on FSO Portal,Completed,Done,Spine,,2.0,,CSS,DPS,Ethicon,FirstBU,,,,Stark,,Done,24/Apr/18 8:58 AM,Stark - Bandhavgarh.1,,,,Spine,,,,,,,,,,
Story,AAKO-5020,981989,14/May/18 10:58 AM,AAKO-3983,16/Jan/18 4:04 PM,FSO Report: YTD Commission Earnings (SC),Open,,Spine,,,,DPS,FirstBU,PI-B,,,,,Mormont,,,,,,,,Spine,,,,,AAKO-591,AAKO-4902,,,,
Story,AAKO-5011,981928,05/Apr/18 8:49 AM,AAKO-4889,16/Jan/18 1:51 PM,Dual Commissions Sales - GEO Crediting,Open,,Trauma,,,,Trauma,,,,,,,Targaryen,,,,,,,,Trauma,,,,,AAKO-5391,,,,,
Story,AAKO-5010,981927,10/Mar/18 9:14 AM,AAKO-4890,16/Jan/18 1:51 PM,Inv ReAlignment #2 - Updates to Participant Crediting SD (End of Month)for Claiming,Completed,Done,Spine,,13.0,,FirstBU,,,,,,,Targaryen,,Done,10/Mar/18 9:14 AM,AAKO - Targaryen - Acadia.3,,,,Spine,,,,,,,,,,
Story,AAKO-5008,981925,15/May/18 11:31 AM,AAKO-4889,16/Jan/18 1:51 PM,Inv ReAlignment #2 Geography Crediting ED Updates,Open,,MIT,,8.0,,Ethicon,Mitek,,,,,,Targaryen,,,,,,,,MIT,,,,,,,,,,
Story,AAKO-5007,981924,28/Feb/18 8:25 AM,AAKO-4889,16/Jan/18 1:51 PM,Inv ReAlignment #2 - Geography Crediting SD Alliance Updates,Completed,Done,Spine,,8.0,,FirstBU,,,,,,,Targaryen,,Done,28/Feb/18 8:25 AM,AAKO - Targaryen - Acadia.2,,,,Spine,,,,,,,,,,
Story,AAKO-4999,981916,23/Apr/18 12:19 PM,AAKO-4886,16/Jan/18 1:51 PM,Alliance Training Eligibility - (Need for CoSell),Open,,Trauma,,5.0,,Recon,Spine,Trauma,,,,,Targaryen,,,,,,,,Trauma,,,,,,,,,,
Story,AAKO-4994,981911,18/Apr/18 11:49 AM,AAKO-4885,16/Jan/18 1:50 PM,Alliance Product Hierachy Maintenance  (Claim X-Bu),Open,,Trauma,,3.0,,Trauma,,,,,,,Targaryen,,,,,,,,Trauma,,,,,AAKO-4935,,,,,
Story,AAKO-4993,981910,08/Feb/18 3:41 PM,AAKO-4885,16/Jan/18 1:50 PM,Alliance Entities,Completed,Done,Spine,,2.0,,FirstBU,,,,,,,Targaryen,,Done,08/Feb/18 3:39 PM,AAKO - Targaryen - Acadia.1,,,,Spine,,,,,,,,AAKO-5368,,
Story,AAKO-4990,981907,23/Apr/18 12:24 PM,AAKO-4099,16/Jan/18 1:50 PM,Testing: Int Alliance Tomofix - Mechanic - Sales * Rate ? Or Lead Generation TBD,Open,,MIT,,,,Mitek,,,,,,,Targaryen,,,,,,,,MIT,,,,,,,,,,
Story,AAKO-4986,981903,23/Apr/18 12:24 PM,AAKO-4099,16/Jan/18 1:50 PM,TESTING:  Ext Alliance - Pacira - CLAIMED Vials - Mechanic Sales * Rate,Open,,,,,,Trauma,,,,,,,Targaryen,,,,,,,,Trauma,,,,,,,,,,
Story,AAKO-4982,981799,18/Apr/18 11:34 AM,AAKO-4099,16/Jan/18 1:50 PM,TESTING: Ext Alliance Vivigen - Mechanic - Sales * Rate -  CLAIMED Sales,Open,,Trauma,,,,Trauma,,,,,,,Targaryen,,,,,,,,Trauma,,,,,AAKO-5010,,,,,
Story,AAKO-4962,981779,05/Apr/18 12:07 PM,AAKO-4099,16/Jan/18 1:50 PM,TESTING:  Int Alliance - Spine selling Ethicon -Mechanic - Mgmt Lead and Conversion,Open,,Trauma,,,,Spine,,,,,,,Targaryen,,,,,,,,Trauma,,,,,,,,,,
Story,AAKO-4960,981777,05/Apr/18 12:07 PM,AAKO-4099,16/Jan/18 1:50 PM,Int Alliance - Mechanic - WC Conversion,Open,,Trauma,,,,Recon,Spine,Trauma,,,,,Targaryen,,,,,,,,Trauma,,,,,,,,,,
Story,AAKO-4959,981776,05/Apr/18 12:07 PM,AAKO-4099,16/Jan/18 1:50 PM,TESTING: Int Alliance - Mechanic - WC Lead Generation,Open,,Trauma,,,,Spine,,,,,,,Targaryen,,,,,,,,Trauma,,,,,AAKO-4955,,,,,
Story,AAKO-4956,981773,05/Apr/18 12:07 PM,AAKO-4099,16/Jan/18 1:50 PM,Int Alliance - Mechanic - Surgiflo Conversion - New/Existing Customer logic,Open,,Trauma,,,,Recon,Spine,Trauma,,,,,Targaryen,,,,,,,,Trauma,,,,,,,,,,
Story,AAKO-4955,981772,05/Apr/18 12:07 PM,AAKO-4099,16/Jan/18 1:50 PM,Int Alliance - Configure Mechanic - Lead Generation,Open,,Trauma,,,,Recon,Spine,Trauma,,,,,Targaryen,,,,,,,,Trauma,,,,,AAKO-4025,,,,,
Story,AAKO-4954,981771,05/Apr/18 12:06 PM,AAKO-4058,16/Jan/18 1:50 PM,Int Alliance - Data Load//Integration Surgeon Conversion Approval - Surgiflo,Open,,Trauma,,,,Recon,Spine,Trauma,,,,,Targaryen,,,,,,,,Trauma,,,,,,,,,,
Story,AAKO-4944,981761,23/Apr/18 12:26 PM,AAKO-4889,16/Jan/18 1:50 PM,TESTING: Int Alliance - Ethicon - Credit XCM sales for subset of Customers  ,Open,,ETH,,,,Ethicon,,,,,,,Targaryen,,,,,,,,ETH,,,,,,,,,,
Story,AAKO-4936,981753,14/Feb/18 12:30 PM,AAKO-4885,16/Jan/18 1:50 PM,Ext Alliance (Generic) - Load to Harmonized External Alliance Product Master,Completed,Done,Spine,,5.0,,FirstBU,,,,,,,Targaryen,,Done,14/Feb/18 12:30 PM,AAKO - Targaryen - Acadia.1,,,,Spine,,,,,,,,AAKO-5376,AAKO-5378,
Story,AAKO-4934,981751,14/Feb/18 3:37 PM,AAKO-4885,16/Jan/18 1:50 PM,Ext Alliance - Generic Template for Manual load of Acct Xref ,Completed,Done,Spine,,8.0,,FirstBU,,,,,,,Targaryen,,Done,14/Feb/18 3:37 PM,AAKO - Targaryen - Acadia.1,,,,Spine,,,,,,,,AAKO-5377,AAKO-5375,
Story,AAKO-4924,981741,05/Apr/18 12:11 PM,AAKO-4887,16/Jan/18 1:50 PM,Lead Generation and Conversions -GEO Crediting for Teams,Open,,Trauma,,,,Recon,Spine,Trauma,,,,,Targaryen,,,,,,,,Trauma,,,,,AAKO-5490,AAKO-5225,,,,
Story,AAKO-4923,981740,05/Apr/18 12:06 PM,AAKO-4888,16/Jan/18 1:50 PM,"Setup Parameter -  New Component Variable:  requiring Lead, Account Activation, Conversion Approval",Open,,Trauma,,,,Recon,Spine,,,,,,Targaryen,,,,,,,,Trauma,,,,,,,,,,
Story,AAKO-4922,981739,17/May/18 9:31 AM,AAKO-3983,16/Jan/18 1:50 PM,Alliance - Expansion Category - View for Rep and Mgr to track new Quota Sales,Open,,Spine,,,,DPS,,,,,,,Stark,,,,AAKO - Stark - C.1,,,,Spine,,,,,,,,,,
Story,AAKO-4921,981738,05/Apr/18 12:07 PM,AAKO-4887,16/Jan/18 1:50 PM,Alliance  -  View Surgeon Conversions -  at GEO and WWID level,Open,,Trauma,,,,Recon,Spine,Trauma,,,,,Targaryen,,,,,,,,Trauma,,,,,,,,,,
Story,AAKO-4920,981737,05/Apr/18 12:07 PM,AAKO-4887,16/Jan/18 1:50 PM,Alliance  -  View Surgeon Leads - at GEO and WWID level,Open,,Trauma,,,,Recon,Spine,Trauma,,,,,Targaryen,,,,,,,,Trauma,,,,,,,,,,
Story,AAKO-4915,981732,05/Apr/18 12:11 PM,AAKO-4886,16/Jan/18 1:50 PM,Alliance - View Participant's Training Status - Internal Use,Open,,Trauma,,,,Spine,,,,,,,Targaryen,,,,,,,,Trauma,,,,,,,,,,
Story,AAKO-4914,981731,08/Feb/18 3:46 PM,AAKO-4885,16/Jan/18 1:50 PM,Alliance - Create Harmonized Customer Account Table  - Crosswalk,Completed,Done,Spine,,3.0,,FirstBU,,,,,,,Targaryen,,Done,08/Feb/18 3:46 PM,AAKO - Targaryen - Acadia.1,,,,Spine,,,,,,,,AAKO-5374,,
Story,AAKO-4912,981045,27/Mar/18 3:23 PM,AAKO-3956,16/Jan/18 10:14 AM,Upload Data to Spine LifeNet Crosswalk  ,Completed,Done,Spine,,5.0,,DPS,,,,,,,Targaryen,,Done,27/Mar/18 3:23 PM,AAKO - Targaryen - Acadia.4,,,,Spine,,,,,,,,,,
Story,AAKO-4883,975674,15/May/18 7:39 PM,AAKO-2277,12/Jan/18 3:45 PM,Data Validation Reporting: Participant Data Assurance,In Progress,,Spine,,3.0,,FirstBU,PI-B,,,,,,Mormont,,,,AAKO - Mormont - Bandhavgarh.3,,,,Spine,,,AAKO-2567,,AAKO-2568,,,,,
Story,AAKO-4881,974990,14/May/18 10:17 AM,AAKO-2277,12/Jan/18 9:19 AM,AUDIT: ability to review an audit report that states all of the approvers for each workflow,Open,,Spine,,5.0,,FirstBU,PI-B,,,,,,Mormont,,,,,,,,Spine,,,,,,,,,,
Story,AAKO-4880,974989,14/May/18 10:17 AM,AAKO-2277,12/Jan/18 9:18 AM,AUDIT: A document library housing all of the audit reports across all of our Payroll DCM SOX controls,Open,,Spine,,,,FirstBU,PI-B,,,,,,Mormont,,,,,,,,Spine,,,,,,,,,,
Story,AAKO-4879,974987,14/May/18 10:52 AM,AAKO-2277,12/Jan/18 9:18 AM,AUDIT: DETECTIVE REPORTING - Approvals,Open,,Spine,,5.0,,FirstBU,PI-B,,,,,,Mormont,,,,,,,,Spine,,,,,,,,,,
Story,AAKO-4877,974977,14/May/18 10:54 AM,AAKO-2277,12/Jan/18 8:50 AM,"AUDIT: monthly ""Overrides"" Audit report prior to payroll submission",Open,,Spine,,8.0,,FirstBU,PI-B,,,,,,Mormont,,,,,,,,Spine,,,,,,,,,,
Story,AAKO-4876,974975,14/May/18 10:17 AM,AAKO-2277,12/Jan/18 8:50 AM,AUDIT: Participant Management Audit Report,Open,,Spine,,13.0,,FirstBU,PI-B,,,,,,Mormont,,,,,,,,Spine,,,,,,,,,,
Story,AAKO-4875,974972,14/May/18 10:17 AM,AAKO-2277,12/Jan/18 8:50 AM,AUDIT: monthly Quota Adjustment audit report which aggregates changes across all quota adjustment parameter tables,Open,,Spine,,8.0,,FirstBU,PI-B,,,,,,Mormont,,,,,,,,Spine,,,,,,,,,,
Story,AAKO-4874,974970,11/May/18 12:03 PM,AAKO-2277,12/Jan/18 8:49 AM,approval workflow to approve the master data upload of all quota for a BU,Open,,Spine,,5.0,,FirstBU,PI-B,,,,,,Mormont,,,,AAKO - Mormont - Bandhavgarh.3,,,,Spine,,,,,,,,,,
Story,AAKO-4873,974969,09/May/18 9:42 AM,AAKO-2277,12/Jan/18 8:49 AM,approval workflow to approve any quota adjustments prior to the system processing the adjustment,Completed,Done,Spine,,8.0,,FirstBU,,,,,,,Mormont,,Done,09/May/18 9:42 AM,AAKO - Mormont - Bandhavgarh.2,,,,Spine,,,,,,,,,,
Story,AAKO-4872,974968,14/May/18 10:17 AM,AAKO-2277,12/Jan/18 8:48 AM,AUDIT: Participant Payout Adjustments Audit Report,Open,,Spine,,8.0,,FirstBU,PI-B,,,,,,Mormont,,,,,,,,Spine,,,,,,,,,,
Story,AAKO-4871,974967,07/May/18 8:07 PM,AAKO-2277,12/Jan/18 8:48 AM,an approval workflow to approve all earnings adjustments,Completed,Done,Spine,,8.0,,FirstBU,,,,,,,Mormont,,Done,07/May/18 8:07 PM,AAKO - Mormont - Bandhavgarh.2,,,,Spine,,,,,,,,,,
Story,AAKO-4869,974964,18/Apr/18 10:56 AM,AAKO-2277,12/Jan/18 8:47 AM,Shadow Hierarchy Audit Report ,Open,,Recon - Direct ,,,,Joint_Recon_Distributor,,,,,,,Mormont,,,,,,,,Recon - Direct ,,,,,,,,,,
Story,AAKO-4868,974963,14/May/18 10:22 AM,AAKO-2277,12/Jan/18 8:47 AM," AUDIT: Monthly Geo Management SOX Audit Report ""Geo Management Audit Report""",Open,,Spine,,13.0,,FirstBU,PI-B,,,,,,Mormont,,,,AAKO - Mormont - Bandhavgarh.4,,,,Spine,,,,,,,,,,
Story,AAKO-4867,974961,18/Apr/18 9:15 AM,AAKO-2277,12/Jan/18 8:47 AM,"AUDIT: Annual SOX audit report ""Inclusion/Exclusion Sales Inputs.""  ",Open,,Spine,,,,FirstBU,,,,,,,Mormont,,,,,,,,Spine,,,,,,,,,,
Story,AAKO-4848,972592,18/Apr/18 3:58 PM,AAKO-4820,10/Jan/18 12:45 PM,Individual UCN Workflow,Open,,,,,,Ethicon,,,,,,,Stark,,,,,,,,ETH,,,,,,,,,,
Story,AAKO-4844,972587,18/Apr/18 3:58 PM,AAKO-4820,10/Jan/18 12:41 PM,Individual Customer to Geography Validations,Open,,,,,,Ethicon,,,,,,,Stark,,,,,,,,ETH,,,,,,,,,,
Story,AAKO-4843,972585,18/Apr/18 3:13 PM,AAKO-4820,10/Jan/18 12:40 PM,Shadow Hierarchy Validations,Open,,Recon - Direct ,,,,Joint_Recon_Direct,Joint_Recon_Distributor,,,,,,Stark,,,,,,,,Recon - Direct ,,,,,,,,,,
Story,AAKO-4842,972584,18/Apr/18 2:48 PM,AAKO-3958,10/Jan/18 12:36 PM,Zip to Geography Validations,Open,,,,,,Mitek,,,,,,,Stark,,,,,,,,MIT,,,,,,,,,,
Story,AAKO-4836,972551,18/Apr/18 2:48 PM,AAKO-3971,10/Jan/18 11:15 AM,Zip Quota Adjustment,Open,,,,,,Mitek,,,,,,,Stark,,,,,,,,MIT,,,,,,,,,,
Story,AAKO-4832,972332,10/Feb/18 10:01 AM,AAKO-4906,10/Jan/18 10:07 AM,"Portal Updates to Earning Views for True-Up, Release % and $Cap  (3 of 3) - Variable Comp Earnings",Completed,Done,Spine,,5.0,,FirstBU,,,,,,,Lannister,,Done,10/Feb/18 10:01 AM,AAKO - Lannister - Acadia.1,,,,Spine,,,AAKO-4075,,AAKO-859,,,,,
Story,AAKO-4629,952957,15/May/18 2:01 PM,,19/Dec/17 3:19 PM,Mitek - Include Rebates with Sales Data ,Open,,,,,,Mitek,,,,,,,Data & Sales Loading,Stark,,,,,,,MIT,,,,,,,,,,
Story,AAKO-4621,951482,03/May/18 9:53 AM,AAKO-3987,18/Dec/17 5:34 PM,Staging/Payment History Story8:  Develop Close Period Process (including posting to Payment History tables),Open,,Spine,,8.0,,FirstBU,PI-B,,,,,,Lannister,,,,Lannister - Bandhavgarh.4,,,,Spine,,,,,,,,,,
Story,AAKO-4620,951481,03/May/18 9:53 AM,AAKO-3987,18/Dec/17 5:33 PM,Staging/Payment History Story7:  Develop Staging Process (stories 1-6 are predecessors),Open,,Spine,,8.0,,FirstBU,PI-B,,,,,,Lannister,,,,Lannister - Bandhavgarh.4,,,,Spine,,,,,,,,,,
Story,AAKO-4619,951480,03/May/18 9:53 AM,AAKO-3987,18/Dec/17 5:32 PM,Staging/Payment History Story6:  Create Staging & Payment History tables for Payment tables and reporting,Open,,Spine,,3.0,,FirstBU,PI-B,,,,,,Lannister,,,,Lannister - Bandhavgarh.4,,,,Spine,,,,,,,,,,
Story,AAKO-4618,951479,03/May/18 9:53 AM,AAKO-3987,18/Dec/17 5:31 PM,Staging/Payment History Story5:  Create Staging & Payment History tables for Earnings Reporting,Open,,Spine,,3.0,,FirstBU,PI-B,,,,,,Lannister,,,,Lannister - Bandhavgarh.4,,,,Spine,,,,,,,,,,
Story,AAKO-4617,951478,03/May/18 9:53 AM,AAKO-3987,18/Dec/17 5:31 PM,Staging/Payment History Story4:  Create Staging & Payment History tables for ICM/Earnings,Open,,Spine,,3.0,,FirstBU,PI-B,,,,,,Lannister,,,,Lannister - Bandhavgarh.4,,,,Spine,,,,,,,,,,
Story,AAKO-4616,951476,03/May/18 9:53 AM,AAKO-3987,18/Dec/17 5:30 PM,Staging/Payment History Story3:  Create Staging & Payment History tables for Pre-ICM,Open,,Spine,,5.0,,FirstBU,PI-B,,,,,,Lannister,,,,Lannister - Bandhavgarh.4,,,,Spine,,,,,,,,,,
Story,AAKO-4615,951475,03/May/18 9:53 AM,AAKO-3987,18/Dec/17 5:29 PM,Staging/Payment History Story2: Create Staging & Payment History tables for Ppt Crediting,Open,,Spine,,2.0,,FirstBU,PI-B,,,,,,Lannister,,,,Lannister - Bandhavgarh.4,,,,Spine,,,,,,,,,,
Story,AAKO-4614,951474,03/May/18 9:53 AM,AAKO-3987,18/Dec/17 5:27 PM,Staging/Payment History Story1: Create Staging & Payment History tables for Geo Crediting,Open,,Spine,,2.0,,FirstBU,PI-B,,,,,,Lannister,,,,Lannister - Bandhavgarh.4,,,,Spine,,,,,,,,,,
Story,AAKO-4613,951472,03/May/18 9:53 AM,AAKO-3987,18/Dec/17 5:24 PM,"Staging Roster by BU, Plan WWID",Open,,Spine,,8.0,,FirstBU,PI-B,,,,,,Lannister,,,,Lannister - Bandhavgarh.4,,,,Spine,,,,,,,,,,
Story,AAKO-4612,951471,10/May/18 1:15 PM,AAKO-3989,18/Dec/17 5:23 PM,"Roster: Apply BU, Plan, and PPT level Roster in Participant Quota Crediting",In Progress,,Spine,,8.0,,FirstBU,,,,,,,Lannister,,,,Lannister - Bandhavgarh.2,Lannister - Bandhavgarh.3,,,Spine,,,,,,,,,,
Story,AAKO-4611,951469,09/May/18 1:45 PM,AAKO-3989,18/Dec/17 5:22 PM,"Roster: Apply BU, Plan, and PPT level Roster in Participant Sales Crediting",Completed,Done,Spine,,13.0,,FirstBU,,,,,,,Lannister,,Done,09/May/18 1:45 PM,Lannister - Bandhavgarh.1,Lannister - Bandhavgarh.2,,,Spine,,,,,,,,,,
Story,AAKO-4609,951466,14/May/18 11:17 AM,AAKO-3989,18/Dec/17 5:18 PM,"Roster: Apply BU, Plan, and PPT level Roster in ICM",Open,,Spine,,5.0,,FirstBU,PI-B,,,,,,Lannister,,,,Lannister - Bandhavgarh.3,,,,Spine,,,,,,,,,,
Story,AAKO-4608,951465,14/May/18 11:34 AM,AAKO-3989,18/Dec/17 5:15 PM,"Roster: Apply BU, Plan, and PPT level Roster in Pre-ICM",In Progress,,Spine,,13.0,,FirstBU,PI-B,,,,,,Lannister,,,,Lannister - Bandhavgarh.3,,,,Spine,,,,,,,,,,
Story,AAKO-4607,951464,27/Mar/18 8:21 AM,AAKO-3989,18/Dec/17 5:14 PM,"(8) Roster:Creation and Management for Roster at BU, Plan, and WWID level for Pre-ICM, ICM, and Payment processing",Completed,Done,Spine,,13.0,,FirstBU,,,,,,,Lannister,,Done,27/Mar/18 8:21 AM,AAKO - Lannister - Acadia.4,,,,Spine,,,,,,,,,,
Story,AAKO-4604,951040,15/Mar/18 8:34 AM,AAKO-3977,18/Dec/17 11:51 AM,Mechanics - JnJ Draw - Recoup,Completed,Done,Spine,,3.0,,FirstBU,,,,,,,Lannister,,Done,15/Mar/18 8:34 AM,AAKO - Lannister - Acadia.3,,,,Spine,,,,,,,,,,
Story,AAKO-4493,936167,02/Feb/18 12:33 PM,AAKO-22,07/Dec/17 3:08 PM,(JR) Rolling YTD - Impact to Component Adjustments ,Open,,Recon - Distributer,,5.0,,Joint_Recon_Distributor,,,,,,,Lannister,,,,,,,,Recon - Distributer,,,,,,,,,,
Story,AAKO-4492,936158,02/Feb/18 12:33 PM,AAKO-4906,07/Dec/17 3:03 PM,(JR) Rolling YTD - Impact to True-Up,Open,,Recon - Distributer,,5.0,,Joint_Recon_Distributor,,,,,,,Lannister,,,,,,,,Recon - Distributer,,,,,,,,,,
Story,AAKO-4491,936140,31/Jan/18 3:53 PM,AAKO-4906,07/Dec/17 2:57 PM,(JR) Rolling YTD - Impact to Eligibility ,Open,,Recon - Distributer,,5.0,,Joint_Recon_Distributor,,,,,,,Lannister,,,,,,,,Recon - Distributer,,,,,,,,,,
Story,AAKO-4418,932022,11/May/18 10:39 AM,AAKO-4885,06/Dec/17 9:40 AM,Foundation - SPN Lifenet Product Hierarchy Validation (Manual Upload),Open,,Spine,,3.0,,PI-B,Spine,,,,,,Targaryen,,,,AAKO-Targaryen - Bandhavgarh.3,,,,Spine,,,,,,,,AAKO-4580,,
Story,AAKO-4389,930044,31/Jan/18 3:52 PM,AAKO-4906,05/Dec/17 9:24 AM,(JR) Recon - YTD Rolling Commission  ,Open,,Recon - Distributer,,,,Joint_Recon_Distributor,,,,,,,Lannister,,,,,,,,Recon - Distributer,,,,,,,,,,
Story,AAKO-4358,922097,14/May/18 11:28 AM,AAKO-4906,30/Nov/17 1:46 PM,Apply Adjustments - Sales/Quota/PY/Baseline (Participant),In Progress,,Spine,,13.0,,FirstBU,PI-B,,,,,,Lannister,,,,Lannister - Bandhavgarh.3,,,,Spine,,,,,,,,,,
Story,AAKO-4328,919790,31/Jan/18 3:54 PM,AAKO-4906,29/Nov/17 12:48 PM,(JR) [Place Holder] For each rolling 12-month mechanic that needs to be built,Open,,Recon - Distributer,,,,Joint_Recon_Distributor,,,,,,,Lannister,,,,,,,,Recon - Distributer,,,,,,,,,,
Story,AAKO-4327,919787,02/Feb/18 12:35 PM,AAKO-3962,29/Nov/17 12:47 PM,(JR) Modify existing SD flow to include rolling 12-month selection and crediting,Open,,Recon - Direct ,,13.0,,Joint_Recon_Direct,,,,,,,Lannister,,,,,,,,Recon - Direct ,,,,,,,,,,
Story,AAKO-4226,902321,18/Apr/18 10:37 AM,AAKO-4903,17/Nov/17 4:53 PM,Off-Cycle Payout - YTD Plan paid on non-quarter period. Off-Cycle: Calculate Earnings with Sales Transactions,Open,,LastBu,,,,LastBU,,,,,,,Lannister,,,,,,,,LastBu,,,,,,,,,,
Story,AAKO-4225,902317,25/Apr/18 4:50 AM,AAKO-4901,17/Nov/17 4:29 PM,Netting:  Final Payment - Components that By Pass Total Earnings Due,Completed,Done,Spine,,5.0,,FirstBU,,,,,,,Lannister,,Done,25/Apr/18 4:50 AM,Lannister - Bandhavgarh.1,,,,Spine,,,,,AAKO-4224,,,,,
Story,AAKO-4223,902312,28/Feb/18 5:51 PM,AAKO-3976,17/Nov/17 4:11 PM,Guarantee: Never Exceed YTD Guarantee or YTD Earnings @ WWID Level,Completed,Done,Spine,,13.0,,FirstBU,,,,,,,Lannister,,Done,28/Feb/18 5:51 PM,AAKO - Lannister - Acadia.2,,,,Spine,,,,,,,,,,
Story,AAKO-4188,899109,18/Apr/18 10:37 AM,AAKO-4903,15/Nov/17 5:04 PM,Payout  - Ability to pay on Off-Cycle schedule  Off-Cycle:  No Transaction Updates -  Component and non-comp adjustments,Open,,LastBu,,,,LastBU,,,,,,,Lannister,,,,,,,,LastBu,,,,,,,,,,
Story,AAKO-4187,898999,15/May/18 1:53 PM,AAKO-23,15/Nov/17 4:46 PM,Parameter Validations:  AdHoc Job - Warnings to Prevent job failures ,Open,,Spine,,8.0,,Spine,,,,,,,Stark,,,,AAKO - Targaryen- Sprint 13,,,,Spine,,,,,,,,,,
Story,AAKO-4186,898976,30/Mar/18 3:04 PM,AAKO-3976,15/Nov/17 4:15 PM,Guarantee: Rolling PTD with Final Period True-Up @ Component lelel,Open,,Recon - Distributer,,,,Joint_Recon_Distributor,,,,,,,Lannister,,,,,,,,Recon - Distributer,,,,,,,,,,
Story,AAKO-4184,898968,31/Jan/18 3:59 PM,AAKO-4906,15/Nov/17 4:04 PM,(JR) [PLACE HOLDER] Configure Mechanic:   Recon Direct Growth Net Territories together,Open,,Recon - Direct ,,13.0,,Joint_Recon_Direct,,,,,,,Lannister,,,,,,,,Recon - Direct ,,,,,,,,,,
Story,AAKO-4123,886788,31/Jan/18 4:00 PM,AAKO-4906,08/Nov/17 2:31 PM,(JR) [PLACE HOLDER] Configure Mechanic: Growth over Baseline Rolling Year - Recon Distributor ,Open,,Recon - Distributer,,,,Joint_Recon_Distributor,,,,,,,Lannister,,,,,,,,Recon - Distributer,,,,,,,,,,
Story,AAKO-4092,876473,12/Feb/18 11:10 AM,AAKO-3961,02/Nov/17 3:17 PM,Set Data Week to all Transactions ,Open,,ETH,,,,Ethicon,,,,,,,Stark,,,,,,,,ETH,,,,,,,,,,
Story,AAKO-4073,873586,18/Apr/18 9:25 AM,AAKO-3981,01/Nov/17 9:47 AM,algn: Routine Workflow Sync Job  ,Open,,ETH,Spine,,,FirstBU,,,,,,,Stark,,,,,,,,ETH,,,,,,,,,,
Story,AAKO-4027,861416,23/Apr/18 12:19 PM,AAKO-4058,26/Oct/17 10:52 AM,Load Co-Sell UCN_LEGACY_XREF to Raw/INP tables,Open,,Recon - Direct ,,3.0,,Recon,,,,,,,Targaryen,,,,,,,,Recon - Direct ,,,AAKO-4026,,,,,,,
Story,AAKO-4026,861414,05/Apr/18 8:48 AM,AAKO-4058,26/Oct/17 10:50 AM,Automated Feed - Load Co-Sell ACCT_XREF to Raw/INP tables,Open,,Trauma,,3.0,,Spine,,,,,,,Targaryen,,,,,,,,Trauma,,,AAKO-4025,,,,,,,
Story,AAKO-4025,861411,13/Feb/18 3:38 PM,AAKO-4058,26/Oct/17 10:48 AM,Load Co-Sell Lead Generation to Raw/INP tables,Completed,Done,Spine,,3.0,,FirstBU,,,,,,,Targaryen,,Done,13/Feb/18 3:38 PM,AAKO - Targaryen - Acadia.1,,,,Spine,,AAKO-5526,AAKO-4024,,,,,AAKO-5488,AAKO-5487,AAKO-5583
Story,AAKO-4024,861410,13/Feb/18 2:21 PM,AAKO-4058,26/Oct/17 10:47 AM,Auto - Load Co-Sell Training to Raw/INP tables,Completed,Done,Spine,,3.0,,FirstBU,,,,,,,Targaryen,,Done,13/Feb/18 2:21 PM,AAKO - Targaryen - Acadia.1,,,,Spine,,,,,,,,AAKO-5371,AAKO-5583,AAKO-5370
Story,AAKO-4023,861404,05/Apr/18 10:44 AM,AAKO-4058,26/Oct/17 10:40 AM,Load Co-Sell Input files into OPTYMYZE Archive folders,Open,,Trauma,,3.0,,Spine,,,,,,,Targaryen,,,,,,,,Trauma,,,,,,,,,,
Story,AAKO-3913,850230,16/Feb/18 11:13 AM,AAKO-3981,19/Oct/17 2:16 PM,Participant Commission Rate Tool - Entry and Approval Views,Completed,Done,Spine,,13.0,,DPS,FirstBU,,,,,,Stark,,Done,15/Feb/18 2:57 PM,AAKO - Stark - Acadia.1,,,,Spine,,,,,,,,,,
Story,AAKO-3911,849981,02/Feb/18 12:36 PM,AAKO-3962,19/Oct/17 12:49 PM,(JR) [PLACEHOLDER]  Recon Salesman Transaction Charge Backs ,Open,,Recon - Distributer,,,,Joint_Recon_Distributor,,,,,,,Lannister,,,,,,,,Recon - Distributer,,,,,,,,,,
Story,AAKO-3864,846415,04/May/18 8:52 AM,AAKO-4099,17/Oct/17 5:10 PM,Expansion Category RM and AVP - Setup Parameter,Completed,Done,Spine,,3.0,,DPS,PI-B,,,,,,Targaryen,,Done,04/May/18 8:52 AM,AAKO-Targaryen - Bandhavgarh.2,,,,Spine,,,,,AAKO-434,,,,,
Story,AAKO-3781,822360,15/May/18 1:57 PM,AAKO-3982,10/Oct/17 11:25 AM,Create Portal View(s) for Effective Date Prior Year,Open,,Spine,,,,FirstBU,,,,,,,Stark,,,,AAKO - Stark - C.1,,,,Spine,,,,,,,,,,
Story,AAKO-3508,757709,25/Apr/18 1:32 PM,AAKO-4058,05/Sep/17 9:46 AM,Update Internal/External Alliance - WWID level Compensation Upload ,Completed,Done,Spine,,5.0,,FirstBU,,,,,,,Targaryen,,Done,25/Apr/18 1:32 PM,AAKO-Targaryen - Bandhavgarh.1,,,,Spine,,,,,,,,,,
Story,AAKO-3425,747490,18/Apr/18 11:34 AM,AAKO-3962,29/Aug/17 5:28 PM,Crediting Impact to Product Specialist /Customer Share Exception,Open,,Trauma,,,,LastBU,,,,,,,Targaryen,,,,,,,,Trauma,,,,,,,,,,
Story,AAKO-3299,730627,16/May/18 9:51 AM,AAKO-3963,18/Aug/17 4:21 PM,"Invoice Realignment ""Overrides"" Parameter Mass Upload",Open,,Trauma,,8.0,,Mentor,Mitek,,,,,,Targaryen,,,,,,,,Trauma,,,,,,,,,,
Story,AAKO-3258,726250,18/Apr/18 9:26 AM,AAKO-3970,16/Aug/17 9:17 AM,Add Rep Type to Component Set-up for Quotas,Open,,,,,,Ethicon,,,,,,,Stark,,,,,,,,ETH,,,,,,,,,,
Story,AAKO-3240,723724,26/Feb/18 2:55 PM,AAKO-3983,15/Aug/17 8:40 AM,Portal View - FSO Rep,Completed,Done,Spine,,8.0,,DPS,FirstBU,,,,,,Stark,,Done,26/Feb/18 2:55 PM,AAKO - Stark - Acadia.2,,,,Spine,,,,,,,,,,
Story,AAKO-3216,719308,23/Mar/18 10:46 AM,AAKO-4900,11/Aug/17 10:07 AM,Final Pay Adjustment  @ wwid - Entry table ,Completed,Done,Spine,,5.0,,FirstBU,,,,,,,Lannister,,Done,23/Mar/18 10:46 AM,AAKO - Lannister - Acadia.4,,,,Spine,,,,,,,,,,
Story,AAKO-3213,717673,31/Jan/18 4:17 PM,AAKO-4906,10/Aug/17 12:56 PM,(JR) Sales Grouping - TASR - Customers removed from Base and Growth   - REC,Open,,Recon - Distributer,,13.0,,Joint_Recon_Distributor,,,,,,,Lannister,,,,,,,,Recon - Distributer,,,,,,,,,,
Story,AAKO-3170,714041,13/Feb/18 8:31 PM,AAKO-4906,08/Aug/17 5:59 PM,Participant Salary and Exp Allowance - Parameter Table - Data Load and Maintenance (not JnJ Draw) ,Completed,Done,Spine,,3.0,,DPS,,,,,,,Lannister,,Done,13/Feb/18 8:31 PM,AAKO - Lannister - Acadia.1,,,,Spine,,,,,,,,,,
Story,AAKO-3101,702121,18/Apr/18 3:56 PM,AAKO-3283,02/Aug/17 2:45 PM,Duplicate Sales Remove/Clean - Ethicon Indirect Kit,Open,,ETH,,2.0,,Ethicon,,,,,,,Stark,,,,,,,,ETH,,,AAKO-3100,,,,,,,
Story,AAKO-3046,695344,23/Apr/18 12:25 PM,AAKO-3989,28/Jul/17 1:35 PM,Support WWID Changes - Distributor to Direct  - WWID Swap List,Open,,Recon - Direct ,,,,Recon,,,,,,,Targaryen,,,,,,,,Recon - Direct ,,,,,,,,,,
Story,AAKO-2956,671709,02/Feb/18 1:14 PM,AAKO-3965,14/Jul/17 8:42 AM,Streamlining Compensation Plans app,Completed,Done,Spine,,0.0,,,,,,,,,Lannister,,Done,02/Feb/18 1:14 PM,,,,,Spine,,,,,,,,,,
Story,AAKO-2926,667674,02/Feb/18 1:15 PM,AAKO-3965,12/Jul/17 6:17 AM,Streamlining crediting - Inclusion of a new metric type,Completed,Done,Spine,,0.0,,,,,,,,,Lannister,,Done,02/Feb/18 1:15 PM,,,,,Spine,,,,,,,,,,
Story,AAKO-2870,659007,18/Apr/18 9:23 AM,AAKO-3970,05/Jul/17 3:40 PM,Quota Add/Update: Zip Monthly Quotas,Open,,,,8.0,,Mitek,,,,,,,Stark,,,,,,,,MIT,,,AAKO-2868,,,,,,,
Story,AAKO-2868,658793,17/May/18 11:40 AM,AAKO-3970,05/Jul/17 2:34 PM,Quota Add/Update: Customer Monthly Quotas,In Progress,,Spine,,8.0,,FirstBU,PI-B,,,,,,Targaryen,,,,AAKO-Targaryen - Bandhavgarh.3,,,,Spine,,,,,,,,,,
Story,AAKO-2569,609424,11/May/18 11:54 AM,AAKO-2277,01/Jun/17 4:56 PM,Data Validation Reporting: Customer Data Assurance,Open,,Spine,,3.0,,FirstBU,PI-B,,,,,,Mormont,,,,AAKO - Mormont - Bandhavgarh.3,,,,Spine,,,,,AAKO-2568,,,,,
Story,AAKO-2568,609423,15/May/18 7:39 PM,AAKO-2277,01/Jun/17 4:54 PM,Data Validation Reporting: Product Data Assurance,In Progress,,Spine,,5.0,,FirstBU,PI-B,,,,,,Mormont,,,,AAKO - Mormont - Bandhavgarh.3,,,,Spine,,,,,,,,,,
Story,AAKO-2567,609422,18/Apr/18 3:58 PM,AAKO-2277,01/Jun/17 4:50 PM,Data Validation Reporting: Daily Duplicate Different Days Reporting Assurance,Open,,ETH,,,,ASP,Ethicon,,,,,,Stark,,,,,,,,ETH,,,,,,,,,,
Story,AAKO-2566,609420,18/Apr/18 3:58 PM,AAKO-2277,01/Jun/17 4:48 PM,Data Validation Reporting: Daily Duplicate Reporting Assurance,Open,,ETH,,,,ASP,Ethicon,,,,,,Stark,,,,,,,,ETH,,,,,,,,,,
Story,AAKO-2559,609408,18/Apr/18 3:55 PM,AAKO-3981,01/Jun/17 4:30 PM,Inquiry Workflow: Requestor Form for Payments Received,Open,,ETH,,5.0,,ETH,,,,,,,Stark,,,,,,,,ETH,,,,,,,,,,
Story,AAKO-2558,609407,18/Apr/18 3:54 PM,AAKO-3981,01/Jun/17 4:28 PM,Inquiry Workflow: Requestor Form for Plan or Performance,Open,,ETH,,3.0,,ETH,,,,,,,Stark,,,,,,,,ETH,,,,,,,,,,
Story,AAKO-2557,609405,18/Apr/18 3:54 PM,AAKO-3981,01/Jun/17 4:25 PM,Inquiry Workflow:  Requester Form for Alignment (Deployment: Customer-Geography) ,Open,,ETH,,5.0,,ETH,,,,,,,Stark,,,,,,,,ETH,,,,,,,,,,
Story,AAKO-2556,608898,18/Apr/18 3:55 PM,AAKO-3981,01/Jun/17 4:18 PM,Inquiry Workflow: Requester Form for Governance,Open,,ETH,,5.0,,ETH,,,,,,,Stark,,,,,,,,ETH,,,,,,,,,,
Story,AAKO-2180,558350,11/Apr/18 10:47 AM,AAKO-3956,26/Apr/17 6:28 PM,Create a mechanism to override pricing or quantity on a sales invoice line record at crediting,Open,,ETH,,,,ETH,,,,,,,Mormont,,,,,,,,ETH,,,,,,,,,,
Story,AAKO-1900,523437,14/May/18 10:18 AM,AAKO-5361,03/Apr/17 10:30 AM,Non-Automated Interface - Manual Sales Loading: Approval Routing,Open,,Spine,,8.0,,PI-B,Spine,,,,,,Mormont,,,,,,,,Spine,,,,,,,,,,
Story,AAKO-1899,523436,14/May/18 9:31 AM,AAKO-4106,03/Apr/17 10:30 AM,Non-Automated Interface - Manual Sales Loading: Summary Validations,Open,,Spine,,,,FirstBU,,,,,,,Mormont,,,,,,,,Spine,,,,,,,,,,
Story,AAKO-1828,490077,22/Mar/18 2:34 PM,AAKO-3961,27/Mar/17 5:22 PM,Compensation Job - Set Data Week,Open,,ETH,,,,Ethicon,MIT,,,,,,Lannister,,,,,,,,ETH,,,,,,,,,,
Story,AAKO-1712,472812,06/Apr/18 9:46 AM,AAKO-3981,14/Mar/17 5:36 PM,Visualization App: Query Multiple Data Elements for Sales Investigations,Open,,ETH,Spine,,,2019BP,,,,,,,Stark,,,,,,,,ETH,,,,,,,,,,
Story,AAKO-1711,472810,18/Apr/18 3:54 PM,AAKO-3981,14/Mar/17 5:17 PM,Inquiry Workflow: Requester Form For Field Sales Transactions Inquiries,Open,,ETH,,5.0,,ETH,,,,,,,Stark,,,,,,,,ETH,,,,,,,,,,
Story,AAKO-1710,472809,18/Apr/18 3:56 PM,AAKO-3283,14/Mar/17 5:11 PM,Provide Table Containing Kit Bill of Materials: Ethicon,Open,,ETH,,8.0,,Ethicon,,,,,,,Stark,,,,,,,,ETH,AAKO-1047,,,,,,,,,
Story,AAKO-1626,467002,28/Mar/18 4:24 PM,AAKO-4906,09/Mar/17 2:17 PM,Mechanics: Quota Attainment on payout Table -  testing story,Completed,Done,Spine,,3.0,,Spine,,,,,,,Lannister,,Done,28/Mar/18 4:24 PM,AAKO - Lannister - Acadia.4,,,,Spine,AAKO-536,,,,AAKO-4495,,,,,
Story,AAKO-1477,444597,18/Apr/18 3:55 PM,AAKO-3981,21/Feb/17 5:39 PM,Inquiry Workflow: User Interface Form - Repository Claiming & Delegation,Open,,ETH,,13.0,,ETH,,,,,,,Stark,,,,,,,,ETH,,,,,,,,,,
Story,AAKO-1455,437791,23/Apr/18 12:10 PM,AAKO-3966,16/Feb/17 3:11 PM,[PLACEHOLDER] Participant to Geography Validation Enhancement,Open,,Spine,,3.0,,FirstBU,,,,,,,Targaryen,,,,,,,,Spine,,,,,,,,,,
Story,AAKO-1368,361294,22/Mar/18 2:34 PM,AAKO-4906,10/Feb/17 7:50 AM,Compensation Summary - Probationary Status,Open,,ETH,,,,Ethicon,,,,,,,Lannister,,,,,,,,ETH,,,,,,,,,,
Story,AAKO-1367,361286,05/Apr/18 8:49 AM,AAKO-4902,10/Feb/17 7:45 AM,Compensation Summary - ( # of Days or Weeks) ,Open,,ETH,,,,Ethicon,,,,,,,Lannister,,,,,,,,ETH,,,,,,,,AAKO-138,,
Story,AAKO-1300,349309,13/Mar/18 7:28 PM,AAKO-3982,31/Jan/17 12:00 PM,Portal View - All Sales Transactions,Completed,Done,Spine,,8.0,,2019BP,DPS,,,,,,Stark,,Done,13/Mar/18 7:28 PM,AAKO - Stark - Acadia.3,,,,Spine,,,,,,,,,,
Story,AAKO-1299,349305,08/May/18 10:25 AM,AAKO-3283,31/Jan/17 11:53 AM,Add Crediting Invoice to Harmonized Sales Table,Open,,Spine,,3.0,,FirstBU,,,,,,,Mormont,,,,,,,,Spine,,,,,,,,,,
Story,AAKO-1217,337990,01/May/18 3:40 PM,AAKO-3958,23/Jan/17 2:03 PM,Interface Summary SOX/Error Report,Open,,Spine,,,,CSS,DPS,ETH,,,,,Mormont,,,,,,,,Spine,,,,,,,,,,
Story,AAKO-1191,335708,19/Apr/18 5:00 PM,AAKO-4902,20/Jan/17 11:30 AM,Compensation Summary - Level 2 - @ component,Completed,Done,Spine,,5.0,,FirstBU,,,,,,,Lannister,,Done,19/Apr/18 5:00 PM,Lannister - Bandhavgarh.1,,,,Spine,,,,,AAKO-591,,,,,
Story,AAKO-1123,326193,18/Apr/18 3:56 PM,AAKO-3957,13/Jan/17 1:42 PM,Ethicon Sales - Order of Exclusion/Validations.,Open,,,,,,Ethicon,,,,,,,Stark,,,,,,,,ETH,,,,,,,,,,
Story,AAKO-990,312831,10/May/18 9:30 AM,AAKO-3982,27/Dec/16 9:08 AM,Participant Plan Summary Report - Internal Analysts,Completed,Done,Spine,,5.0,,DPS,,,,,,,Stark,,Done,10/May/18 9:30 AM,Stark - Bandhavgarh.2,,,,Spine,,,,,,,,,,
Story,AAKO-886,309624,14/May/18 10:50 AM,AAKO-3981,20/Dec/16 2:28 PM,Review & Approve Payments-Payment Approval (SOX?),Open,,Spine,,13.0,,FirstBU,PI-B,,,,,,Mormont,,,,,,,,Spine,,,,,AAKO-6335,,,,,
Story,AAKO-885,309622,25/Apr/18 4:51 AM,AAKO-4901,20/Dec/16 2:26 PM,Common Mechanics-Final Payment ,Completed,Done,Spine,,5.0,,FirstBU,,,,,,,Lannister,,Done,25/Apr/18 4:51 AM,Lannister - Bandhavgarh.1,,,,Spine,,,,,,,,,,
Story,AAKO-883,309616,27/Mar/18 3:22 PM,AAKO-4899,20/Dec/16 2:24 PM,(13) Mechanics-Carry Forward Negative Earnings (-Previous Balance),Completed,Done,Spine,,8.0,,FirstBU,,,,,,,Lannister,,Done,27/Mar/18 3:22 PM,AAKO - Lannister - Acadia.4,,,,Spine,,,,,,,,,,
Story,AAKO-879,309610,27/Feb/18 10:20 AM,AAKO-3976,20/Dec/16 2:17 PM,Guarantee - FLAT mechanic,Completed,Done,Spine,,13.0,,FirstBU,,,,,,,Lannister,,Done,27/Feb/18 10:20 AM,AAKO - Lannister - Acadia.2,,,,Spine,,,,,,,,,,
Story,AAKO-877,309606,18/Apr/18 9:25 AM,AAKO-3984,20/Dec/16 2:15 PM,Incentive Compensation Statement - APB,Open,,ETH,,,,Ethicon,,,,,,,Stark,,,,,,,,ETH,,,,,,,,,,
Story,AAKO-875,309602,14/Feb/18 3:00 PM,AAKO-4903,20/Dec/16 2:13 PM,Common Mechanics-Aggregate Total Earnings Due @ wwid  ,Completed,Done,Spine,,13.0,,FirstBU,,,,,,,Lannister,,Done,14/Feb/18 3:00 PM,AAKO - Lannister - Acadia.1,,,,Spine,,,,,,,,,,
Story,AAKO-856,309557,23/Apr/18 12:23 PM,AAKO-4099,20/Dec/16 1:37 PM,Ext Alliance Evicel - Mechanic - Units * Rate for eligible participants,Open,,Recon - Direct ,,,,Recon,,,,,,,Targaryen,,,,,,,,Recon - Direct ,,,,,,,,,,
Story,AAKO-804,152944,10/May/18 4:27 PM,AAKO-3983,16/Dec/16 11:47 AM,FSO Mgr View - Quota Sales and Attainment - Quota Attainment by Participant,Completed,Done,Spine,,8.0,,DPS,FirstBU,,,,,,Stark,,Done,10/May/18 4:27 PM,Stark - Bandhavgarh.2,,,,Spine,,,,,,,,,,
Story,AAKO-798,152936,14/May/18 9:31 AM,AAKO-3982,16/Dec/16 11:32 AM,Quota Reporting  (Internal)-Data Views-Participants ,Open,,Spine,,,,Spine,,,,,,,Mormont,,,,,,,,Spine,,,,,,,,,,
Story,AAKO-759,151342,09/May/18 1:44 PM,AAKO-4906,15/Dec/16 2:07 PM,Adjustments - Sales/Quota/PY/Baseline and Earnings (Participant) - Parameter Entry ,Completed,Done,Spine,,5.0,,FirstBU,PI-B,,,,,,Lannister,,Done,09/May/18 1:44 PM,Lannister - Bandhavgarh.2,,,,Spine,,,,,,,,,,
Story,AAKO-755,151272,02/Apr/18 1:04 PM,AAKO-3965,15/Dec/16 10:29 AM,Validation - Setup/Validate Payment Parameters - Generic - Participant to Plan    ,Open,,Spine,,,,FirstBU,,,,,,,Lannister,,,,,,,,Spine,,,,,,,,,,
Story,AAKO-648,144224,15/May/18 10:59 AM,AAKO-3984,07/Dec/16 11:02 AM,IC Statements 	- Archival,Open,,Spine,,3.0,,FirstBU,PI-B,Spine,,,,,Stark,,,,Stark - Bandhavgarh.4,,,,Spine,,,,,,,,,,
Story,AAKO-647,144097,16/May/18 10:00 AM,AAKO-3984,07/Dec/16 10:33 AM,IC Statements - Comp Admin,Open,,Spine,,3.0,,FirstBU,PI-B,Spine,,,,,Stark,,,,Stark - Bandhavgarh.4,,,,Spine,,,,,,,,,,
Story,AAKO-646,144094,16/May/18 10:36 AM,AAKO-3984,07/Dec/16 10:30 AM,IC Statements - Sales Mgr,Open,,Spine,,3.0,,FirstBU,PI-B,Spine,,,,,Stark,,,,Stark - Bandhavgarh.4,,,,Spine,,,,,,,,,,
Story,AAKO-645,144091,16/May/18 10:36 AM,AAKO-3984,07/Dec/16 10:26 AM,IC Statements - Sales Rep,Open,,Spine,,3.0,,FirstBU,PI-B,Spine,,,,,Stark,,,,Stark - Bandhavgarh.3,,,,Spine,,,,,,,,,,
Story,AAKO-600,142663,01/Mar/18 1:23 PM,AAKO-3983,05/Dec/16 1:50 PM,CPD - Template for My Progress Report (Sales Mgr View),Completed,Done,Spine,,8.0,,Spine,,,,,,,Stark,,Done,01/Mar/18 1:23 PM,AAKO - Stark - Acadia.2,,,,Spine,,,,,,,,,,
Story,AAKO-598,142650,18/Apr/18 11:03 AM,AAKO-3982,05/Dec/16 1:34 PM,YEPA,Open,,ETH,,,,ETH,,,,,,,Mormont,,,,,,,,ETH,,,,,,,,,,
Story,AAKO-596,142648,22/Mar/18 2:35 PM,AAKO-5333,05/Dec/16 1:29 PM,Financial Projection,Open,,Spine,,,,LastBU,Spine,,,,,,Mormont,,,,,,,,Spine,,,,,,,,,,
Story,AAKO-595,142647,18/Apr/18 11:01 AM,AAKO-5333,05/Dec/16 1:27 PM,Budget Report,Open,,ETH,,,,Ethicon,,,,,,,Mormont,,,,,,,,ETH,,,,,,,,,,
Story,AAKO-594,142639,30/Apr/18 3:44 PM,AAKO-5333,05/Dec/16 1:13 PM,Accruals ,Open,,Spine,,,,FirstBU,Spine,,,,,,Mormont,,,,,,,,Spine,,,,,,,,,,
Story,AAKO-592,142168,28/Mar/18 10:37 AM,AAKO-3983,05/Dec/16 11:01 AM,All Aligned Sales Transactions - DTP,Completed,Done,Spine,,8.0,,DPS,FirstBU,,,,,,Stark,,Done,28/Mar/18 10:37 AM,AAKO - Stark - Acadia.4,,,,Spine,,,,,,,,,,
Story,AAKO-591,142166,14/May/18 10:58 AM,AAKO-4902,05/Dec/16 10:55 AM,Compensation Summary - Level 1 - @ wwid,Completed,Done,Spine,,2.0,,FirstBU,,,,,,,Lannister,,Done,19/Apr/18 5:00 PM,Lannister - Bandhavgarh.1,,,,Spine,,,,,,,,,,
Story,AAKO-444,124380,27/Feb/18 10:16 AM,AAKO-4906,15/Nov/16 5:25 PM,Mechanics - Advance - Flat,Completed,Done,Spine,,13.0,,FirstBU,,,,,,,Lannister,,Done,27/Feb/18 10:16 AM,AAKO - Lannister - Acadia.2,,,,Spine,,,,,AAKO-443,,,,,
Story,AAKO-443,124379,15/Mar/18 8:34 AM,AAKO-3977,15/Nov/16 5:24 PM,Mechanics - Advance - Variable Recoup,Completed,Done,Spine,,5.0,,FirstBU,,,,,,,Lannister,,Done,15/Mar/18 8:34 AM,AAKO - Lannister - Acadia.3,,,,Spine,,,,,,,,,,
Story,AAKO-435,122897,23/Apr/18 12:19 PM,AAKO-4886,11/Nov/16 12:33 PM,Setup/Validate Payment Parameters - Product - Training Requirements,Open,,Trauma,,3.0,,Spine,,,,,,,Targaryen,,,,,,,,Trauma,,,,,,,,,,
Story,AAKO-434,122883,10/May/18 8:26 AM,AAKO-4099,11/Nov/16 11:41 AM,Quota Attainment: REP level Core + Expansion Category -(Aggregate Exp Sales)  ,Completed,Done,Spine,,13.0,,DPS,PI-B,,,,,,Targaryen,,Done,10/May/18 8:26 AM,AAKO-Targaryen - Bandhavgarh.2,,,,Spine,,,,,AAKO-3508,AAKO-6314,,,,
Story,AAKO-418,122169,14/Feb/18 1:58 PM,AAKO-4906,10/Nov/16 3:47 PM,Configure Mechanics - Vacancy A (Flat) - Testing Story ,Completed,Done,Spine,,5.0,,FirstBU,,,,,,,Lannister,,Done,14/Feb/18 1:58 PM,AAKO - Lannister - Acadia.1,,,,Spine,,,,,,,,,,
Story,AAKO-414,122085,15/Mar/18 8:39 AM,AAKO-4906,10/Nov/16 2:31 PM,Configure Mechanics - Vacancy B ( Sales * Rate) ,Completed,Done,Spine,,13.0,,FirstBU,,,,,,,Lannister,,Done,15/Mar/18 8:39 AM,AAKO - Lannister - Acadia.3,,,,Spine,,,,,,,,,,
Story,AAKO-413,122069,05/Apr/18 8:48 AM,AAKO-4099,10/Nov/16 2:21 PM,Configure Mechanics: Crediting - Dual Commission - Don't Double Pay ,Open,,Trauma,,,,CMF,Spine,Trauma,,,,,Targaryen,,,,,,,,Trauma,,,,,,,,,,
Story,AAKO-399,120029,02/Apr/18 1:05 PM,AAKO-3965,08/Nov/16 10:35 AM,Validation - Report - Automated Crediting,Open,,Spine,,,,FirstBU,,,,,,,Lannister,,,,,,,,Spine,,,,,,,,,,
Story,AAKO-362,119427,09/Feb/18 2:54 PM,AAKO-3976,07/Nov/16 1:01 PM,Setup/Validate Payment Parameters - Generic -Guarantee,Completed,Done,Spine,,13.0,,FirstBU,,,,,,,Lannister,,Done,09/Feb/18 2:54 PM,AAKO - Lannister - Acadia.1,,,,Spine,,,,,,,,,,
Story,AAKO-313,117541,24/Apr/18 5:19 PM,AAKO-3979,04/Nov/16 3:25 PM,Review & Approve Payments - Create  1099 Payroll File,Open,,Spine,,,,FirstBU,,,,,,,Lannister,,,,Lannister - C1,,,,Spine,,,,,,,,,,
Story,AAKO-300,116851,24/Apr/18 5:19 PM,AAKO-3979,03/Nov/16 3:34 PM,Review & Approve Payments - Create Wage Payroll File,Open,,Spine,,,,FirstBU,,,,,,,Lannister,,,,Lannister - C1,,,,Spine,,,,,,,,,,
Story,AAKO-299,116850,10/May/18 1:25 PM,AAKO-4906,03/Nov/16 3:32 PM,Compensation Summary - PPP or Staging Date ,Open,,Spine,,,,FirstBU,,,,,,,Lannister,,,,Lannister - C2,,,,Spine,,,,,,,,,,
Story,AAKO-298,116849,18/Apr/18 12:16 PM,AAKO-3989,03/Nov/16 3:29 PM,Roster selection,Open,,LastBu,,,,Joint_Recon_Direct,Joint_Recon_Distributor,,,,,,Lannister,,,,,,,,LastBu,,,,,,,,,,
Story,AAKO-192,104865,10/May/18 9:30 AM,AAKO-3983,19/Oct/16 8:27 PM,Comp Analyst: Loading Portal Announcements,Completed,Done,Spine,,8.0,,DPS,FirstBU,,,,,,Stark,,Done,10/May/18 9:30 AM,Stark - Bandhavgarh.2,,,,Spine,,,,,,,,,,
Story,AAKO-190,104908,16/May/18 10:32 AM,AAKO-3982,19/Oct/16 3:54 PM,Internal And External Report - OneJJMD Alignment Roster by Participant,Open,,Spine,,8.0,,FirstBU,Spine,,,,,,Stark,,,,AAKO - Stark - C.1,,,,Spine,,,,,,,,,,
Story,AAKO-162,102735,11/May/18 11:50 AM,AAKO-4903,18/Oct/16 9:15 AM,Common Payment Process - Terminated Participants,Open,,Spine,,8.0,,FirstBU,PI-B,,,,,,Lannister,,,,Lannister - Bandhavgarh.4,,,,Spine,,,,,,,,,,
Story,AAKO-139,101880,12/Apr/18 7:27 AM,AAKO-3964,17/Oct/16 9:47 AM,"DATA, DTP - Address overrides and multi-locations",Completed,Done,Spine,,5.0,,spine,,,,,,,Stark,,Done,12/Apr/18 7:27 AM,AAKO - Stark - Acadia.IP,,,,Spine,,,,,,,,,,
Story,AAKO-110,100040,15/Mar/18 8:38 AM,AAKO-4906,12/Oct/16 2:34 PM,Participant Open Territory Coverage - Add flag,Completed,Done,Spine,,3.0,,FirstBU,,,,,,,Lannister,,Done,15/Mar/18 8:38 AM,AAKO - Lannister - Acadia.3,,,,Spine,,,,,,,,,,
Story,AAKO-104,100008,12/Apr/18 7:27 AM,AAKO-3964,12/Oct/16 2:06 PM,POR - Participant Address Edit,Completed,Done,Spine,,5.0,,FirstBU,,,,,,,Stark,,Done,12/Apr/18 7:27 AM,AAKO - Stark - Acadia.IP,,,,Spine,AAKO-1974,,,,,,,,,
Story,AAKO-100,99771,18/Apr/18 10:55 AM,AAKO-3987,12/Oct/16 10:22 AM,Reports - Line Item Commission Earnings (Distributors) ,Open,,Trauma,,,,DPS,,,,,,,Mormont,,,,,,,,Trauma,,,,,,,,,,
